{
  "batch_id": "v10_structured_head_v9_250k",
  "run_id": "v10_structured_head_v9_250k_20260614_090413_utc",
  "created_utc": "2026-06-14T11:37:20.216826+00:00",
  "status": "complete",
  "batch_config": "colab_worker_logs/model_selection_batch_v10_structured_head_v9_250k_runtime.json",
  "max_runtime_minutes": 330.0,
  "estimated_minutes_per_job": 90.0,
  "walltime_safety_margin_minutes": 15.0,
  "jobs": [
    {
      "job_id": "v10_structured_head_v9_250k_seed23",
      "candidate_id": "D66_grouped_structured_width320_lr6e-4_dropout0.075_v10_v9gap250k_seed23",
      "status": "complete",
      "returncode": 0,
      "elapsed_minutes": 76.3276244094833,
      "selection_score_path": "training_results/model_selection_loop/D66_grouped_structured_width320_lr6e-4_dropout0.075_v10_v9gap250k_seed23_20260614_090413_utc/selection_score.json",
      "weighted_score": 0.031176633516756386,
      "rejected": false,
      "true_hard_target_normalized_mae": 0.01584342010319233,
      "hard_label_normalized_mae": 0.015304443390610125,
      "hard_label_normalized_p95": 0.053740676492452615,
      "overall_normalized_mae": 0.011985818855464458,
      "overall_normalized_p95": 0.04508008807897568,
      "easy_target_normalized_mae_relative_change": -0.013811600926002929,
      "C1_mae": 0.8185125589370728,
      "C1_rmse": 1.4329514503479004,
      "C1_p95_abs_error": 3.0676276683807373,
      "C1_bias": 0.08361062407493591,
      "C1_normalized_mae": 0.008185125887393951,
      "C1_normalized_p95_abs_error": 0.030676277354359627,
      "validation_normalized_mae": 0.011985818855464458,
      "validation_C1_mae": 1.5515004396438599,
      "validation_C1_rmse": 2.544482946395874,
      "validation_C1_p95_abs_error": 4.885537147521973,
      "validation_C1_bias": 0.11233386397361755,
      "validation_C1_normalized_mae": 0.01551500428467989,
      "validation_C1_normalized_p95_abs_error": 0.04885537177324295,
      "blind_normalized_mae": 0.009736591018736362,
      "blind_C1_mae": 1.1175000667572021,
      "blind_C1_rmse": 1.790797233581543,
      "blind_C1_p95_abs_error": 3.714749813079834,
      "blind_C1_bias": 0.1133153960108757,
      "blind_C1_normalized_mae": 0.011175001040101051,
      "blind_C1_normalized_p95_abs_error": 0.03714749962091446,
      "stress_normalized_mae": 0.008667942136526108,
      "stress_C1_mae": 1.049531102180481,
      "stress_C1_rmse": 2.012176036834717,
      "stress_C1_p95_abs_error": 4.306654453277588,
      "stress_C1_bias": 0.09503871202468872,
      "stress_C1_normalized_mae": 0.01049531064927578,
      "stress_C1_normalized_p95_abs_error": 0.04306654632091522,
      "S3_high_magnitude_mae": 4.707205772399902,
      "S3_high_magnitude_bias": -3.6247575283050537,
      "S3_high_magnitude_slope": 0.8507031123104098,
      "S3_high_mean_abs_angle_error_deg": 2.4106733798980713,
      "S3_high_p95_abs_angle_error_deg": 8.389811515808105,
      "B2_magnitude_mae": 0.05301052704453468,
      "B2_mean_abs_angle_error_deg": 2.683861494064331,
      "A3_magnitude_mae": 1.328661561012268,
      "A3_mean_abs_angle_error_deg": 2.184497117996216
    },
    {
      "job_id": "v10_structured_head_v9_250k_seed7",
      "candidate_id": "D66_grouped_structured_width320_lr6e-4_dropout0.075_v10_v9gap250k_seed7",
      "status": "complete",
      "returncode": 0,
      "elapsed_minutes": 76.79217108019996,
      "selection_score_path": "training_results/model_selection_loop/D66_grouped_structured_width320_lr6e-4_dropout0.075_v10_v9gap250k_seed7_20260614_102033_utc/selection_score.json",
      "weighted_score": 0.03155477707704099,
      "rejected": false,
      "true_hard_target_normalized_mae": 0.01597761455923319,
      "hard_label_normalized_mae": 0.015471330951326167,
      "hard_label_normalized_p95": 0.054871315136551864,
      "overall_normalized_mae": 0.012137125246226788,
      "overall_normalized_p95": 0.04578891769051552,
      "easy_target_normalized_mae_relative_change": 0.003660257439146738,
      "C1_mae": 0.8290179371833801,
      "C1_rmse": 1.4631712436676025,
      "C1_p95_abs_error": 3.1287825107574463,
      "C1_bias": -0.07679228484630585,
      "C1_normalized_mae": 0.008290179073810577,
      "C1_normalized_p95_abs_error": 0.03128782659769058,
      "validation_normalized_mae": 0.012137125246226788,
      "validation_C1_mae": 1.5553088188171387,
      "validation_C1_rmse": 2.5450730323791504,
      "validation_C1_p95_abs_error": 5.063212871551514,
      "validation_C1_bias": -0.10340328514575958,
      "validation_C1_normalized_mae": 0.015553087927401066,
      "validation_C1_normalized_p95_abs_error": 0.05063213035464287,
      "blind_normalized_mae": 0.009829293005168438,
      "blind_C1_mae": 1.1128278970718384,
      "blind_C1_rmse": 1.7756365537643433,
      "blind_C1_p95_abs_error": 3.791231155395508,
      "blind_C1_bias": -0.013429085724055767,
      "blind_C1_normalized_mae": 0.011128279380500317,
      "blind_C1_normalized_p95_abs_error": 0.037912312895059586,
      "stress_normalized_mae": 0.008817790076136589,
      "stress_C1_mae": 1.0260815620422363,
      "stress_C1_rmse": 1.9734855890274048,
      "stress_C1_p95_abs_error": 4.31828498840332,
      "stress_C1_bias": -0.045191310346126556,
      "stress_C1_normalized_mae": 0.010260815732181072,
      "stress_C1_normalized_p95_abs_error": 0.0431828498840332,
      "S3_high_magnitude_mae": 5.0613813400268555,
      "S3_high_magnitude_bias": -3.56546688079834,
      "S3_high_magnitude_slope": 0.8442117910547866,
      "S3_high_mean_abs_angle_error_deg": 2.2840516567230225,
      "S3_high_p95_abs_angle_error_deg": 7.967628002166748,
      "B2_magnitude_mae": 0.054171595722436905,
      "B2_mean_abs_angle_error_deg": 2.804095506668091,
      "A3_magnitude_mae": 1.383432149887085,
      "A3_mean_abs_angle_error_deg": 2.18499493598938
    }
  ],
  "artifact_policy": {
    "push_large_artifacts": false,
    "allowed_artifacts": [
      "run_manifest_model_loop.json",
      "metrics_model_loop.json",
      "selection_score.json",
      "per_target_diagnostics.json",
      "vector_diagnostics.json",
      "s3_magnitude_metric_audit_validation.csv",
      "model_registry_model_loop.csv",
      "training_history_summary.csv",
      "training_history_model_loop.png",
      "prediction_scatter_model_loop.png",
      "batch_manifest.json",
      "batch_summary.csv",
      "s3_magnitude_metric_audit_*.md",
      "training_validation_loss_gap_audit_*.md"
    ]
  }
}
