{
  "batch_id": "v13_1m_d66",
  "run_id": "v13_1m_d66_20260615_042743_utc",
  "created_utc": "2026-06-15T06:03:31.426133+00:00",
  "status": "complete",
  "batch_config": "colab_worker_logs/model_selection_batch_v13_1m_d66_runtime.json",
  "max_runtime_minutes": 480.0,
  "estimated_minutes_per_job": 150.0,
  "walltime_safety_margin_minutes": 30.0,
  "jobs": [
    {
      "job_id": "v13_1m_d66_seed7",
      "candidate_id": "D66_grouped_width320_lr6e-4_dropout0.075_v13_1m_d66_seed7",
      "status": "complete",
      "returncode": 0,
      "elapsed_minutes": 95.80623955418335,
      "selection_score_path": "training_results/model_selection_loop/D66_grouped_width320_lr6e-4_dropout0.075_v13_1m_d66_seed7_20260615_042743_utc/selection_score.json",
      "weighted_score": 0.012576390026195788,
      "rejected": false,
      "true_hard_target_normalized_mae": 0.0067406418733298775,
      "hard_label_normalized_mae": 0.005535189208050376,
      "hard_label_normalized_p95": 0.018782213489207143,
      "overall_normalized_mae": 0.005210573785007,
      "overall_normalized_p95": 0.021844714879989624,
      "easy_target_normalized_mae_relative_change": -0.032345842002225934,
      "C1_mae": 0.7417953610420227,
      "C1_rmse": 1.3302550315856934,
      "C1_p95_abs_error": 2.7351925373077393,
      "C1_bias": 0.13233967125415802,
      "C1_normalized_mae": 0.007417953573167324,
      "C1_normalized_p95_abs_error": 0.027351925149559975,
      "validation_normalized_mae": 0.005210573785007,
      "validation_C1_mae": 0.7553185224533081,
      "validation_C1_rmse": 1.5355279445648193,
      "validation_C1_p95_abs_error": 2.6888198852539062,
      "validation_C1_bias": 0.19613276422023773,
      "validation_C1_normalized_mae": 0.00755318533629179,
      "validation_C1_normalized_p95_abs_error": 0.026888199150562286,
      "blind_normalized_mae": 0.005647146608680487,
      "blind_C1_mae": 0.7172873616218567,
      "blind_C1_rmse": 1.3419796228408813,
      "blind_C1_p95_abs_error": 2.7330639362335205,
      "blind_C1_bias": 0.13933512568473816,
      "blind_C1_normalized_mae": 0.007172873709350824,
      "blind_C1_normalized_p95_abs_error": 0.027330638840794563,
      "stress_normalized_mae": 0.005837461911141872,
      "stress_C1_mae": 0.695320725440979,
      "stress_C1_rmse": 1.3255746364593506,
      "stress_C1_p95_abs_error": 2.556480646133423,
      "stress_C1_bias": 0.07761140167713165,
      "stress_C1_normalized_mae": 0.0069532073102891445,
      "stress_C1_normalized_p95_abs_error": 0.025564806535840034,
      "S3_high_magnitude_mae": 0.8763957619667053,
      "S3_high_magnitude_bias": -0.4801700711250305,
      "S3_high_magnitude_slope": 0.9737188216854337,
      "S3_high_mean_abs_angle_error_deg": 0.34245002269744873,
      "S3_high_p95_abs_angle_error_deg": 1.3487205505371094,
      "B2_magnitude_mae": 0.021989336237311363,
      "B2_mean_abs_angle_error_deg": 1.235501766204834,
      "A3_magnitude_mae": 0.5588777661323547,
      "A3_mean_abs_angle_error_deg": 1.0520926713943481
    }
  ],
  "artifact_policy": {
    "push_large_artifacts": false,
    "allowed_artifacts": [
      "run_manifest_model_loop.json",
      "metrics_model_loop.json",
      "selection_score.json",
      "per_target_diagnostics.json",
      "vector_diagnostics.json",
      "s3_magnitude_metric_audit_validation.csv",
      "model_registry_model_loop.csv",
      "training_history_summary.csv",
      "training_history_model_loop.png",
      "prediction_scatter_model_loop.png",
      "batch_manifest.json",
      "batch_summary.csv",
      "s3_magnitude_metric_audit_*.md",
      "training_validation_loss_gap_audit_*.md"
    ]
  }
}
