{
  "batch_id": "v6_benchmark_gap100k_smoothl1",
  "run_id": "v6_benchmark_gap100k_smoothl1_20260613_231425_utc",
  "created_utc": "2026-06-13T23:14:25.052208+00:00",
  "status": "complete",
  "batch_config": "colab_worker_logs/model_selection_batch_v6_benchmark_gap100k_runtime.json",
  "max_runtime_minutes": 170.0,
  "estimated_minutes_per_job": 22.0,
  "walltime_safety_margin_minutes": 12.0,
  "jobs": [
    {
      "job_id": "v6_benchmark_gap100k_seed23",
      "candidate_id": "D66_grouped_width320_lr6e-4_dropout0.075_v6gap100k_seed23",
      "status": "skipped_completed",
      "selection_score_path": "training_results/model_selection_loop/D66_grouped_width320_lr6e-4_dropout0.075_v6gap100k_seed23_20260612_051859_utc/selection_score.json",
      "weighted_score": 0.03689948415347876,
      "rejected": false,
      "true_hard_target_normalized_mae": 0.018496652878820897,
      "hard_label_normalized_mae": 0.018098744939869415,
      "hard_label_normalized_p95": 0.06435913657053159,
      "overall_normalized_mae": 0.013937150128185749,
      "overall_normalized_p95": 0.05218694731593132,
      "easy_target_normalized_mae_relative_change": -0.24426944253083957,
      "C1_mae": 0.8765267729759216,
      "C1_rmse": 1.4624769687652588,
      "C1_p95_abs_error": 3.0824313163757324,
      "C1_bias": 0.03517290949821472,
      "C1_normalized_mae": 0.00876526813954115,
      "C1_normalized_p95_abs_error": 0.030824312940239906,
      "validation_normalized_mae": 0.013937150128185749,
      "validation_C1_mae": 1.7695598602294922,
      "validation_C1_rmse": 2.830190420150757,
      "validation_C1_p95_abs_error": 5.878161907196045,
      "validation_C1_bias": 0.13843508064746857,
      "validation_C1_normalized_mae": 0.017695598304271698,
      "validation_C1_normalized_p95_abs_error": 0.05878162011504173,
      "blind_normalized_mae": 0.010852726176381111,
      "blind_C1_mae": 1.221842646598816,
      "blind_C1_rmse": 2.0615639686584473,
      "blind_C1_p95_abs_error": 4.425092697143555,
      "blind_C1_bias": 0.10408277809619904,
      "blind_C1_normalized_mae": 0.012218426913022995,
      "blind_C1_normalized_p95_abs_error": 0.04425092786550522,
      "stress_normalized_mae": 0.010182945057749748,
      "stress_C1_mae": 1.2020976543426514,
      "stress_C1_rmse": 2.3869142532348633,
      "stress_C1_p95_abs_error": 4.988065719604492,
      "stress_C1_bias": 0.002225670497864485,
      "stress_C1_normalized_mae": 0.012020976282656193,
      "stress_C1_normalized_p95_abs_error": 0.049880657345056534,
      "S3_high_magnitude_mae": 6.273777484893799,
      "S3_high_magnitude_bias": -4.646976947784424,
      "S3_high_magnitude_slope": 0.7986199426235208,
      "S3_high_mean_abs_angle_error_deg": 3.1435766220092773,
      "S3_high_p95_abs_angle_error_deg": 9.773489952087402,
      "B2_magnitude_mae": 0.06011036038398743,
      "B2_mean_abs_angle_error_deg": 3.22275447845459,
      "A3_magnitude_mae": 1.4007463455200195,
      "A3_mean_abs_angle_error_deg": 2.495020627975464
    },
    {
      "job_id": "v6_benchmark_gap100k_seed7",
      "candidate_id": "D66_grouped_width320_lr6e-4_dropout0.075_v6gap100k_seed7",
      "status": "skipped_completed",
      "selection_score_path": "training_results/model_selection_loop/D66_grouped_width320_lr6e-4_dropout0.075_v6gap100k_seed7_20260612_054505_utc/selection_score.json",
      "weighted_score": 0.03713962128493362,
      "rejected": false,
      "true_hard_target_normalized_mae": 0.018651212751865386,
      "hard_label_normalized_mae": 0.018096799192090448,
      "hard_label_normalized_p95": 0.0642575787810179,
      "overall_normalized_mae": 0.014035683125257492,
      "overall_normalized_p95": 0.053003691136837006,
      "easy_target_normalized_mae_relative_change": -0.24012897652664444,
      "C1_mae": 0.898462176322937,
      "C1_rmse": 1.461223840713501,
      "C1_p95_abs_error": 3.0841989517211914,
      "C1_bias": 0.12436927855014801,
      "C1_normalized_mae": 0.008984621614217758,
      "C1_normalized_p95_abs_error": 0.030841989442706108,
      "validation_normalized_mae": 0.014035683125257492,
      "validation_C1_mae": 1.8135443925857544,
      "validation_C1_rmse": 2.879479169845581,
      "validation_C1_p95_abs_error": 5.9744648933410645,
      "validation_C1_bias": 0.21273860335350037,
      "validation_C1_normalized_mae": 0.018135443329811096,
      "validation_C1_normalized_p95_abs_error": 0.05974464863538742,
      "blind_normalized_mae": 0.010916790924966335,
      "blind_C1_mae": 1.2257730960845947,
      "blind_C1_rmse": 1.9710100889205933,
      "blind_C1_p95_abs_error": 4.049187660217285,
      "blind_C1_bias": 0.1150827631354332,
      "blind_C1_normalized_mae": 0.012257730588316917,
      "blind_C1_normalized_p95_abs_error": 0.040491875261068344,
      "stress_normalized_mae": 0.010380726307630539,
      "stress_C1_mae": 1.254774808883667,
      "stress_C1_rmse": 2.390425443649292,
      "stress_C1_p95_abs_error": 5.175380229949951,
      "stress_C1_bias": 0.2171415239572525,
      "stress_C1_normalized_mae": 0.012547748163342476,
      "stress_C1_normalized_p95_abs_error": 0.051753804087638855,
      "S3_high_magnitude_mae": 5.960363388061523,
      "S3_high_magnitude_bias": -4.40376615524292,
      "S3_high_magnitude_slope": 0.8119361278264643,
      "S3_high_mean_abs_angle_error_deg": 3.0617852210998535,
      "S3_high_p95_abs_angle_error_deg": 10.205245018005371,
      "B2_magnitude_mae": 0.06153310462832451,
      "B2_mean_abs_angle_error_deg": 3.263284206390381,
      "A3_magnitude_mae": 1.3737086057662964,
      "A3_mean_abs_angle_error_deg": 2.4440438747406006
    }
  ],
  "artifact_policy": {
    "push_large_artifacts": false,
    "allowed_artifacts": [
      "run_manifest_model_loop.json",
      "metrics_model_loop.json",
      "selection_score.json",
      "per_target_diagnostics.json",
      "vector_diagnostics.json",
      "s3_magnitude_metric_audit_validation.csv",
      "model_registry_model_loop.csv",
      "training_history_summary.csv",
      "training_history_model_loop.png",
      "prediction_scatter_model_loop.png",
      "batch_manifest.json",
      "batch_summary.csv",
      "s3_magnitude_metric_audit_*.md",
      "training_validation_loss_gap_audit_*.md"
    ]
  }
}
