{
  "active_run": "v13_active_12d_hole_search_expanded_cycle03_20260618_190539_utc",
  "n_v15": 5995,
  "n_v13_baseline": 5995,
  "n_matched_probe_ids": 5995,
  "v15": {
    "weighted_abs_error": {
      "n": 5995,
      "mae": 0.04323376685270637,
      "rmse": 0.0505440919370234,
      "median": 0.035999447107315063,
      "p95": 0.09114120602607727,
      "max": 0.2703934609889984
    },
    "overall_abs_error": {
      "n": 5995,
      "mae": 2.7286724175434496,
      "rmse": 3.271774590538215,
      "median": 2.2222092151641846,
      "p95": 6.059094333648684,
      "max": 19.93384552001953
    },
    "C1_abs_error": {
      "n": 5995,
      "mae": 3.668682011725805,
      "rmse": 5.020589584059891,
      "median": 2.6232528686523438,
      "p95": 10.83839340209961,
      "max": 52.33217239379883
    },
    "C3_abs_error": {
      "n": 5995,
      "mae": 0.01759855773632381,
      "rmse": 0.024107864479229163,
      "median": 0.012301445007324219,
      "p95": 0.050679183006286634,
      "max": 0.288058876991272
    },
    "A1_vector_error": {
      "n": 5995,
      "mae": 3.529325230524031,
      "rmse": 4.761898268637964,
      "median": 2.7057809829711914,
      "p95": 9.309498596191409,
      "max": 39.34941101074219
    },
    "B2_vector_error": {
      "n": 5995,
      "mae": 0.21075123534996135,
      "rmse": 0.25337654944263543,
      "median": 0.18437246978282928,
      "p95": 0.4707194685935974,
      "max": 1.8099396228790283
    },
    "A2_vector_error": {
      "n": 5995,
      "mae": 0.3946951778586162,
      "rmse": 0.4976933380832449,
      "median": 0.2992439866065979,
      "p95": 1.0518139004707336,
      "max": 2.4365012645721436
    },
    "S3_vector_error": {
      "n": 5995,
      "mae": 12.087203437291253,
      "rmse": 15.654501666543904,
      "median": 9.130526542663574,
      "p95": 30.362740325927746,
      "max": 132.3964385986328
    },
    "A3_vector_error": {
      "n": 5995,
      "mae": 6.490013190390879,
      "rmse": 8.350243222774639,
      "median": 5.027681827545166,
      "p95": 14.785478496551516,
      "max": 67.84261322021484
    }
  },
  "v13": {
    "weighted_abs_error": {
      "n": 5995,
      "mae": 0.039836245212700835,
      "rmse": 0.046627496176263404,
      "median": 0.03452911972999573,
      "p95": 0.08175559937953951,
      "max": 0.3942805826663971
    },
    "overall_abs_error": {
      "n": 5995,
      "mae": 2.498288630658731,
      "rmse": 3.005826227259089,
      "median": 2.11350417137146,
      "p95": 5.462714624404908,
      "max": 26.635995864868164
    },
    "C1_abs_error": {
      "n": 5995,
      "mae": 2.7035623344228457,
      "rmse": 3.92599481177314,
      "median": 1.9353179931640625,
      "p95": 7.921040344238283,
      "max": 71.8587417602539
    },
    "C3_abs_error": {
      "n": 5995,
      "mae": 0.01675721839430732,
      "rmse": 0.022408771533317058,
      "median": 0.013050347566604614,
      "p95": 0.04451116323471071,
      "max": 0.2864929437637329
    },
    "A1_vector_error": {
      "n": 5995,
      "mae": 3.549874112653151,
      "rmse": 4.855718076904894,
      "median": 2.8033597469329834,
      "p95": 9.100925254821778,
      "max": 59.180763244628906
    },
    "B2_vector_error": {
      "n": 5995,
      "mae": 0.20460838185111313,
      "rmse": 0.25017757538186125,
      "median": 0.1755385547876358,
      "p95": 0.4901304095983506,
      "max": 1.4772651195526123
    },
    "A2_vector_error": {
      "n": 5995,
      "mae": 0.3483719216411882,
      "rmse": 0.4227891004939217,
      "median": 0.2874903380870819,
      "p95": 0.7878984332084656,
      "max": 2.160428524017334
    },
    "S3_vector_error": {
      "n": 5995,
      "mae": 11.43074834441224,
      "rmse": 14.822123322001708,
      "median": 8.853231430053711,
      "p95": 28.158833312988282,
      "max": 120.77372741699219
    },
    "A3_vector_error": {
      "n": 5995,
      "mae": 5.880114461602744,
      "rmse": 7.727613636439208,
      "median": 4.756836414337158,
      "p95": 13.774287128448494,
      "max": 73.27793884277344
    }
  },
  "delta_weighted_abs_error": {
    "mean": 0.003397521640005536,
    "median": 0.002448663115501404,
    "worse_fraction": 0.5994995829858215,
    "better_fraction": 0.4005004170141785
  },
  "delta_overall_abs_error": {
    "mean": 0.23038378688471828,
    "median": 0.16449248790740967,
    "worse_fraction": 0.5929941618015012,
    "better_fraction": 0.4070058381984987
  },
  "delta_C1_abs_error": {
    "mean": 0.9651196773029597,
    "median": 0.3462371826171875,
    "worse_fraction": 0.5759799833194329,
    "better_fraction": 0.42402001668056716
  },
  "delta_C3_abs_error": {
    "mean": 0.0008413393420164937,
    "median": 0.0003101527690887451,
    "worse_fraction": 0.5099249374478733,
    "better_fraction": 0.4900750625521268
  },
  "delta_A1_vector_error": {
    "mean": -0.02054888212911977,
    "median": -0.040281057357788086,
    "worse_fraction": 0.4865721434528774,
    "better_fraction": 0.5134278565471226
  },
  "delta_B2_vector_error": {
    "mean": 0.006142853498848208,
    "median": 0.009026139974594116,
    "worse_fraction": 0.544954128440367,
    "better_fraction": 0.45504587155963305
  },
  "delta_A2_vector_error": {
    "mean": 0.04632325621742796,
    "median": 0.03480933606624603,
    "worse_fraction": 0.5734778982485405,
    "better_fraction": 0.42652210175145955
  },
  "delta_S3_vector_error": {
    "mean": 0.6564550928790138,
    "median": 0.5967617034912109,
    "worse_fraction": 0.5562969140950792,
    "better_fraction": 0.44370308590492075
  },
  "delta_A3_vector_error": {
    "mean": 0.6098987287881351,
    "median": 0.5824179649353027,
    "worse_fraction": 0.5934945788156797,
    "better_fraction": 0.40650542118432026
  },
  "evaluation_summary": {
    "status": "complete",
    "n_probes": 5995,
    "nearest_neighbor_method": "sklearn",
    "weighted_error": {
      "median": 0.035999447107315063,
      "p90": 0.0786060318350792,
      "p95": 0.09114120155572891,
      "max": 0.2703934609889984
    },
    "nn_distance_12d": {
      "median": 0.889021635055542,
      "p75": 0.9932794570922852,
      "p95": 1.0908689498901367,
      "max": 1.3016674518585205
    },
    "correlation_weighted_error_vs_nn_distance": 0.44179408936426523,
    "spearman_weighted_error_vs_nn_distance": 0.510596801951261,
    "failure_threshold_weighted_error": 0.0786060318350792,
    "sparse_threshold_nn_distance": 0.9932794570922852,
    "dense_threshold_nn_distance": 0.889021635055542,
    "failure_class_counts": {
      "not_top_failure": 5395,
      "coverage_limited_sparse_failure": 372,
      "mixed_failure": 135,
      "dense_model_feature_loss_failure": 93
    },
    "top_failure_median_nn_distance": 1.0115318298339844,
    "all_probe_median_nn_distance": 0.889021635055542,
    "top_failure_table": "training_results/model_selection_reports/v15_active_hole_retest_20260620_082522_utc/v13_active_12d_hole_search_expanded_cycle03_20260618_190539_utc/active_hole_search_top_failures.csv",
    "nn_error_table": "training_results/model_selection_reports/v15_active_hole_retest_20260620_082522_utc/v13_active_12d_hole_search_expanded_cycle03_20260618_190539_utc/active_hole_nn_error_summary.csv",
    "regime_summary": "training_results/model_selection_reports/v15_active_hole_retest_20260620_082522_utc/v13_active_12d_hole_search_expanded_cycle03_20260618_190539_utc/active_hole_regime_summary.csv",
    "relative_angle_summary": "training_results/model_selection_reports/v15_active_hole_retest_20260620_082522_utc/v13_active_12d_hole_search_expanded_cycle03_20260618_190539_utc/active_hole_relative_angle_summary.csv",
    "hole_clusters": [
      {
        "cluster_id": 0,
        "method": "sklearn_kmeans",
        "n": 287,
        "median_weighted_error": 0.08826843649148941,
        "median_nn_distance_12d": 1.020685076713562,
        "dominant_regime": "coupled_full_random",
        "dominant_failure_class": "coverage_limited_sparse_failure",