{
  "n_samples": 16446,
  "n_train": 13158,
  "n_test": 3288,
  "overall_mae": 1.0420302152633667,
  "overall_rmse": 2.5577104091644287,
  "targets": {
    "C1": {
      "mae": 2.3872172832489014,
      "rmse": 4.018691539764404,
      "p95_abs_error": 7.784395217895508
    },
    "C3": {
      "mae": 0.022347522899508476,
      "rmse": 0.032674554735422134,
      "p95_abs_error": 0.06853935122489929
    },
    "A1_x": {
      "mae": 1.0676053762435913,
      "rmse": 1.753165364265442,
      "p95_abs_error": 3.467045307159424
    },
    "A1_y": {
      "mae": 1.0469037294387817,
      "rmse": 1.743567943572998,
      "p95_abs_error": 3.4181408882141113
    },
    "B2_x": {
      "mae": 0.0669170543551445,
      "rmse": 0.11096391826868057,
      "p95_abs_error": 0.23299716413021088
    },
    "B2_y": {
      "mae": 0.06553207337856293,
      "rmse": 0.10988854616880417,
      "p95_abs_error": 0.22559745609760284
    },
    "A2_x": {
      "mae": 0.1977747678756714,
      "rmse": 0.30885010957717896,
      "p95_abs_error": 0.6663593649864197
    },
    "A2_y": {
      "mae": 0.19746853411197662,
      "rmse": 0.30955660343170166,
      "p95_abs_error": 0.6745526790618896
    },
    "S3_x": {
      "mae": 2.3376739025115967,
      "rmse": 4.7384209632873535,
      "p95_abs_error": 7.84525203704834
    },
    "S3_y": {
      "mae": 2.319669485092163,
      "rmse": 4.66080379486084,
      "p95_abs_error": 7.604001998901367
    },
    "A3_x": {
      "mae": 1.425409197807312,
      "rmse": 2.5139079093933105,
      "p95_abs_error": 4.945713043212891
    },
    "A3_y": {
      "mae": 1.3698432445526123,
      "rmse": 2.3509509563446045,
      "p95_abs_error": 4.787489891052246
    }
  },
  "test_targets": {
    "C1": {
      "mae": 3.5345444679260254,
      "rmse": 6.389627456665039,
      "p95_abs_error": 13.180961608886719
    },
    "C3": {
      "mae": 0.02562173828482628,
      "rmse": 0.04048052802681923,
      "p95_abs_error": 0.08364532142877579
    },
    "A1_x": {
      "mae": 1.41007661819458,
      "rmse": 2.54805850982666,
      "p95_abs_error": 5.180387496948242
    },
    "A1_y": {
      "mae": 1.3984949588775635,
      "rmse": 2.6441433429718018,
      "p95_abs_error": 5.152530670166016
    },
    "B2_x": {
      "mae": 0.09026331454515457,
      "rmse": 0.16050872206687927,
      "p95_abs_error": 0.3510484993457794
    },
    "B2_y": {
      "mae": 0.09149671345949173,
      "rmse": 0.16455286741256714,
      "p95_abs_error": 0.3591679632663727
    },
    "A2_x": {
      "mae": 0.2199075073003769,
      "rmse": 0.3613351583480835,
      "p95_abs_error": 0.7893760800361633
    },
    "A2_y": {
      "mae": 0.22530944645404816,
      "rmse": 0.3781577944755554,
      "p95_abs_error": 0.8088542819023132
    },
    "S3_x": {
      "mae": 4.144683837890625,
      "rmse": 8.861042022705078,
      "p95_abs_error": 18.87326431274414
    },
    "S3_y": {
      "mae": 4.10761022567749,
      "rmse": 8.730082511901855,
      "p95_abs_error": 17.867454528808594
    },
    "A3_x": {
      "mae": 2.1463637351989746,
      "rmse": 4.121182441711426,
      "p95_abs_error": 8.494318008422852
    },
    "A3_y": {
      "mae": 1.9612046480178833,
      "rmse": 3.6474194526672363,
      "p95_abs_error": 7.967625141143799
    }
  },
  "labels": {
    "A1": {
      "all": {
        "n": 32,
        "mae": 0.13652484118938446,
        "rmse": 0.25614655017852783
      },
      "test": {
        "n": 6,
        "mae": 0.15346859395503998,
        "rmse": 0.30059945583343506
      }
    },
    "A1_B2_S3_grid": {
      "all": {
        "n": 96,
        "mae": 0.39541056752204895,
        "rmse": 0.7272513508796692
      },
      "test": {
        "n": 19,
        "mae": 0.48310598731040955,
        "rmse": 0.849480152130127
      }
    },
    "A2": {
      "all": {
        "n": 20,
        "mae": 0.41237205266952515,
        "rmse": 1.2379382848739624
      },
      "test": {
        "n": 4,
        "mae": 0.12608961760997772,
        "rmse": 0.1946030855178833
      }
    },
    "A3": {
      "all": {
        "n": 20,
        "mae": 0.0748310387134552,
        "rmse": 0.12449280172586441
      },
      "test": {
        "n": 4,
        "mae": 0.060333412140607834,
        "rmse": 0.0975121557712555
      }
    },
    "A3_wide": {
      "all": {
        "n": 45,
        "mae": 0.12129542231559753,
        "rmse": 0.21206505596637726
      },
      "test": {
        "n": 9,
        "mae": 0.10435294359922409,
        "rmse": 0.19171659648418427
      }
    },
    "B2/C21": {
      "all": {
        "n": 32,
        "mae": 0.27426400780677795,
        "rmse": 0.5918139219284058
      },
      "test": {
        "n": 6,
        "mae": 0.2797696888446808,
        "rmse": 0.5471339821815491
      }
    },
    "C1": {
      "all": {
        "n": 6,
        "mae": 0.2449398785829544,
        "rmse": 0.6165404319763184
      },
      "test": {
        "n": 1,
        "mae": 0.3832428455352783,
        "rmse": 0.6942918300628662
      }
    },
    "C1_A1_C3_grid": {
      "all": {
        "n": 108,
        "mae": 0.5381508469581604,
        "rmse": 1.18760085105896
      },
      "test": {
        "n": 22,
        "mae": 0.567992627620697,
        "rmse": 1.398291826248169
      }
    },
    "C3": {
      "all": {
        "n": 6,
        "mae": 0.32084888219833374,
        "rmse": 0.7083971500396729
      },
      "test": {
        "n": 1,
        "mae": 0.12084575742483139,
        "rmse": 0.19943271577358246
      }
    },
    "S3/C32": {
      "all": {
        "n": 36,
        "mae": 0.07618365436792374,
        "rmse": 0.12934510409832
      },
      "test": {
        "n": 7,
        "mae": 0.08336982131004333,
        "rmse": 0.1314222812652588
      }
    },
    "S3_C32_wide": {
      "all": {
        "n": 45,
        "mae": 0.13921748101711273,
        "rmse": 0.25924646854400635
      },
      "test": {
        "n": 9,
        "mae": 0.19171150028705597,
        "rmse": 0.3395078778266907
      }
    },
    "coupled_A1_A2_B2_random": {
      "all": {
        "n": 1500,
        "mae": 0.6957382559776306,
        "rmse": 1.3630390167236328
      },
      "test": {
        "n": 300,
        "mae": 0.8125512599945068,
        "rmse": 1.7139861583709717
      }
    },
    "coupled_A1_B2_S3_random": {
      "all": {
        "n": 1500,
        "mae": 0.3244176506996155,
        "rmse": 0.5967097878456116
      },
      "test": {
        "n": 300,
        "mae": 0.3152318596839905,
        "rmse": 0.5799302458763123
      }
    },
    "coupled_A3_S3_random": {
      "all": {
        "n": 1500,
        "mae": 0.35713979601860046,
        "rmse": 0.6410623788833618
      },
      "test": {
        "n": 300,
        "mae": 0.34833526611328125,
        "rmse": 0.6326927542686462
      }
    },
    "coupled_C1_A1_C3_A2_random": {
      "all": {
        "n": 2000,
        "mae": 0.9703426361083984,
        "rmse": 2.0107293128967285
      },
      "test": {
        "n": 400,
        "mae": 1.226871371269226,
        "rmse": 2.849795341491699
      }
    },
    "coupled_C1_C3_A2_random": {
      "all": {
        "n": 1500,
        "mae": 0.628589928150177,
        "rmse": 1.6326243877410889
      },
      "test": {
        "n": 300,
        "mae": 0.7055566310882568,
        "rmse": 2.050016164779663
      }
    },
    "coupled_full_random": {
      "all": {
        "n": 5000,
        "mae": 1.7048988342285156,
        "rmse": 3.67389178276062
      },
      "test": {
        "n": 1000,
        "mae": 3.003732442855835,
        "rmse": 6.723627090454102
      }
    },
    "coupled_sparse_random": {
      "all": {
        "n": 3000,
        "mae": 1.1754634380340576,
        "rmse": 2.8178293704986572
      },
      "test": {
        "n": 600,
        "mae": 1.876121163368225,
        "rmse": 4.96432638168335
      }
    }
  },
  "training_config": {
    "max_epochs": 8000,
    "eval_every": 25,
    "patience_epochs": 700,
    "learning_rate": 0.0006,
    "weight_decay": 0.0001,