{
  "active_run": "v13_active_12d_hole_search_v3_high_amp_alignment_20260618_031730_utc",
  "n_v15": 4600,
  "n_v13_baseline": 4600,
  "n_matched_probe_ids": 4600,
  "v15": {
    "weighted_abs_error": {
      "n": 4600,
      "mae": 0.035584220065249375,
      "rmse": 0.04310939311177365,
      "median": 0.02959440741688013,
      "p95": 0.08135462105274202,
      "max": 0.2940661311149597
    },
    "overall_abs_error": {
      "n": 4600,
      "mae": 2.2138600531835917,
      "rmse": 2.7491855289205294,
      "median": 1.778290033340454,
      "p95": 5.402343177795411,
      "max": 18.382915496826172
    },
    "C1_abs_error": {
      "n": 4600,
      "mae": 2.9190892461590146,
      "rmse": 4.113990192837946,
      "median": 2.141643524169922,
      "p95": 8.367281055450448,
      "max": 41.551204681396484
    },
    "C3_abs_error": {
      "n": 4600,
      "mae": 0.013152028650207363,
      "rmse": 0.018282527064035183,
      "median": 0.009505018591880798,
      "p95": 0.037343891710042966,
      "max": 0.1925053596496582
    },
    "A1_vector_error": {
      "n": 4600,
      "mae": 3.632117652667929,
      "rmse": 5.15444841264383,
      "median": 2.520098090171814,
      "p95": 10.731408786773686,
      "max": 40.47677230834961
    },
    "B2_vector_error": {
      "n": 4600,
      "mae": 0.19006374729574538,
      "rmse": 0.2416202922580094,
      "median": 0.15051240473985672,
      "p95": 0.47038453072309505,
      "max": 1.9685124158859253
    },
    "A2_vector_error": {
      "n": 4600,
      "mae": 0.2939549158184546,
      "rmse": 0.37422985504268236,
      "median": 0.2336675003170967,
      "p95": 0.7417546063661576,
      "max": 3.115056276321411
    },
    "S3_vector_error": {
      "n": 4600,
      "mae": 9.097050346231654,
      "rmse": 12.109085009643364,
      "median": 6.804696798324585,
      "p95": 24.78974952697754,
      "max": 75.20246887207031
    },
    "A3_vector_error": {
      "n": 4600,
      "mae": 5.3663610000997455,
      "rmse": 7.428219719793298,
      "median": 3.976441979408264,
      "p95": 14.073246049880984,
      "max": 66.46723937988281
    }
  },
  "v13": {
    "weighted_abs_error": {
      "n": 4600,
      "mae": 0.039907783524072524,
      "rmse": 0.048164763245596674,
      "median": 0.0329268928617239,
      "p95": 0.08708787597715859,
      "max": 0.4263642430305481
    },
    "overall_abs_error": {
      "n": 4600,
      "mae": 2.4823162449216065,
      "rmse": 3.088863171659603,
      "median": 1.9767722487449646,
      "p95": 5.782634544372558,
      "max": 28.906661987304688
    },
    "C1_abs_error": {
      "n": 4600,
      "mae": 2.9768699005861645,
      "rmse": 4.275403233530625,
      "median": 2.1072254180908203,
      "p95": 8.66479034423828,
      "max": 49.782310485839844
    },
    "C3_abs_error": {
      "n": 4600,
      "mae": 0.014752520542267871,
      "rmse": 0.020027256207864302,
      "median": 0.01160295307636261,
      "p95": 0.04037720561027529,
      "max": 0.2437371015548706
    },
    "A1_vector_error": {
      "n": 4600,
      "mae": 4.520601716681545,
      "rmse": 6.451617090339291,
      "median": 2.9210575819015503,
      "p95": 13.665323877334608,
      "max": 65.55990600585938
    },
    "B2_vector_error": {
      "n": 4600,
      "mae": 0.21153534436751215,
      "rmse": 0.2619397424130118,
      "median": 0.17755282670259476,
      "p95": 0.5030567884445191,
      "max": 1.6168670654296875
    },
    "A2_vector_error": {
      "n": 4600,
      "mae": 0.2960351025615819,
      "rmse": 0.3602019308683819,
      "median": 0.25696349143981934,
      "p95": 0.6705975085496904,
      "max": 3.3846688270568848
    },
    "S3_vector_error": {
      "n": 4600,
      "mae": 9.980918528210047,
      "rmse": 13.206641351460265,
      "median": 7.5436179637908936,
      "p95": 26.0925289154053,
      "max": 107.5396499633789
    },
    "A3_vector_error": {
      "n": 4600,
      "mae": 6.09579681924767,
      "rmse": 8.479265805158192,
      "median": 4.633198261260986,
      "p95": 16.13094902038576,
      "max": 84.19202423095703
    }
  },
  "delta_weighted_abs_error": {
    "mean": -0.004323563458823154,
    "median": -0.0006058402359485626,
    "worse_fraction": 0.47282608695652173,
    "better_fraction": 0.5271739130434783
  },
  "delta_overall_abs_error": {
    "mean": -0.26845619173801466,
    "median": -0.037932634353637695,
    "worse_fraction": 0.47456521739130436,
    "better_fraction": 0.5254347826086957
  },
  "delta_C1_abs_error": {
    "mean": -0.057780654427150024,
    "median": 0.040203094482421875,
    "worse_fraction": 0.5117391304347826,
    "better_fraction": 0.4882608695652174
  },
  "delta_C3_abs_error": {
    "mean": -0.0016004918920605078,
    "median": -0.0012112855911254883,
    "worse_fraction": 0.45021739130434785,
    "better_fraction": 0.5497826086956522
  },
  "delta_A1_vector_error": {
    "mean": -0.8884840640136162,
    "median": -0.13494981825351715,
    "worse_fraction": 0.4617391304347826,
    "better_fraction": 0.5382608695652173
  },
  "delta_B2_vector_error": {
    "mean": -0.02147159707176679,
    "median": -0.011152582708746195,
    "worse_fraction": 0.45304347826086955,
    "better_fraction": 0.5469565217391305
  },
  "delta_A2_vector_error": {
    "mean": -0.002080186743127263,
    "median": -0.0025710463523864746,
    "worse_fraction": 0.49326086956521736,
    "better_fraction": 0.5067391304347826
  },
  "delta_S3_vector_error": {
    "mean": -0.8838681819783929,
    "median": -0.28655576705932617,
    "worse_fraction": 0.4693478260869565,
    "better_fraction": 0.5306521739130434
  },
  "delta_A3_vector_error": {
    "mean": -0.729435819147924,
    "median": -0.3216683268547058,
    "worse_fraction": 0.45304347826086955,
    "better_fraction": 0.5469565217391305
  },
  "evaluation_summary": {
    "status": "complete",
    "n_probes": 4600,
    "nearest_neighbor_method": "sklearn",
    "weighted_error": {
      "median": 0.029594406485557556,
      "p90": 0.06509009003639221,
      "p95": 0.08135459572076797,
      "max": 0.2940661311149597
    },
    "nn_distance_12d": {
      "median": 0.8085698485374451,
      "p75": 0.943122148513794,
      "p95": 1.0801855325698853,
      "max": 1.3086481094360352
    },
    "correlation_weighted_error_vs_nn_distance": 0.45732249585188905,
    "spearman_weighted_error_vs_nn_distance": 0.5865922797559432,
    "failure_threshold_weighted_error": 0.06509009003639221,
    "sparse_threshold_nn_distance": 0.943122148513794,
    "dense_threshold_nn_distance": 0.8085698485374451,
    "failure_class_counts": {
      "not_top_failure": 4140,
      "mixed_failure": 118,
      "coverage_limited_sparse_failure": 248,
      "dense_model_feature_loss_failure": 94
    },
    "top_failure_median_nn_distance": 0.9589623808860779,
    "all_probe_median_nn_distance": 0.8085698485374451,
    "top_failure_table": "training_results/model_selection_reports/v15_active_hole_retest_20260620_082522_utc/v13_active_12d_hole_search_v3_high_amp_alignment_20260618_031730_utc/active_hole_search_top_failures.csv",
    "nn_error_table": "training_results/model_selection_reports/v15_active_hole_retest_20260620_082522_utc/v13_active_12d_hole_search_v3_high_amp_alignment_20260618_031730_utc/active_hole_nn_error_summary.csv",
    "regime_summary": "training_results/model_selection_reports/v15_active_hole_retest_20260620_082522_utc/v13_active_12d_hole_search_v3_high_amp_alignment_20260618_031730_utc/active_hole_regime_summary.csv",
    "relative_angle_summary": "training_results/model_selection_reports/v15_active_hole_retest_20260620_082522_utc/v13_active_12d_hole_search_v3_high_amp_alignment_20260618_031730_utc/active_hole_relative_angle_summary.csv",
    "hole_clusters": [
      {
        "cluster_id": 0,
        "method": "sklearn_kmeans",
        "n": 78,
        "median_weighted_error": 0.08090608939528465,
        "median_nn_distance_12d": 0.9809209108352661,
        "dominant_regime": "coupled_full_random",