{
  "active_run": "v13_active_12d_hole_search_20260617_215931_utc",
  "n_v15": 3000,
  "n_v13_baseline": 0,
  "n_matched_probe_ids": 0,
  "v15": {
    "weighted_abs_error": {
      "n": 3000,
      "mae": 0.03248624838750887,
      "rmse": 0.040328815317382936,
      "median": 0.025561361573636532,
      "p95": 0.07924282252788542,
      "max": 0.22415685653686523
    },
    "overall_abs_error": {
      "n": 3000,
      "mae": 2.0313687166435024,
      "rmse": 2.5689806759918166,
      "median": 1.5745062828063965,
      "p95": 5.160023093223568,
      "max": 14.343472480773926
    },
    "C1_abs_error": {
      "n": 3000,
      "mae": 2.681189960555484,
      "rmse": 3.8845851990760516,
      "median": 1.8139457702636719,
      "p95": 8.087198638916012,
      "max": 29.781341552734375
    },
    "C3_abs_error": {
      "n": 3000,
      "mae": 0.013734728588412206,
      "rmse": 0.018784041842677065,
      "median": 0.010092981159687042,
      "p95": 0.03879350423812864,
      "max": 0.11177289485931396
    },
    "A1_vector_error": {
      "n": 3000,
      "mae": 2.9334162562713026,
      "rmse": 4.389483669746177,
      "median": 1.8508398532867432,
      "p95": 9.53333220481872,
      "max": 29.45335578918457
    },
    "B2_vector_error": {
      "n": 3000,
      "mae": 0.16736985731983442,
      "rmse": 0.22155437194596717,
      "median": 0.12876669317483902,
      "p95": 0.4700528904795642,
      "max": 1.0910581350326538
    },
    "A2_vector_error": {
      "n": 3000,
      "mae": 0.2811234257728793,
      "rmse": 0.3693680475447366,
      "median": 0.2171069085597992,
      "p95": 0.7730819910764689,
      "max": 2.6182587146759033
    },
    "S3_vector_error": {
      "n": 3000,
      "mae": 8.665705352299536,
      "rmse": 11.709614991078197,
      "median": 6.300932168960571,
      "p95": 24.13040895462035,
      "max": 74.27478790283203
    },
    "A3_vector_error": {
      "n": 3000,
      "mae": 5.029520138962815,
      "rmse": 7.225026428187939,
      "median": 3.409615397453308,
      "p95": 15.69326996803282,
      "max": 80.23094177246094
    }
  },
  "v13": {
    "weighted_abs_error": {
      "n": 0,
      "mae": null,
      "rmse": null,
      "median": null,
      "p95": null,
      "max": null
    },
    "overall_abs_error": {
      "n": 0,
      "mae": null,
      "rmse": null,
      "median": null,
      "p95": null,
      "max": null
    },
    "C1_abs_error": {
      "n": 0,
      "mae": null,
      "rmse": null,
      "median": null,
      "p95": null,
      "max": null
    },
    "C3_abs_error": {
      "n": 0,
      "mae": null,
      "rmse": null,
      "median": null,
      "p95": null,
      "max": null
    },
    "A1_vector_error": {
      "n": 0,
      "mae": null,
      "rmse": null,
      "median": null,
      "p95": null,
      "max": null
    },
    "B2_vector_error": {
      "n": 0,
      "mae": null,
      "rmse": null,
      "median": null,
      "p95": null,
      "max": null
    },
    "A2_vector_error": {
      "n": 0,
      "mae": null,
      "rmse": null,
      "median": null,
      "p95": null,
      "max": null
    },
    "S3_vector_error": {
      "n": 0,
      "mae": null,
      "rmse": null,
      "median": null,
      "p95": null,
      "max": null
    },
    "A3_vector_error": {
      "n": 0,
      "mae": null,
      "rmse": null,
      "median": null,
      "p95": null,
      "max": null
    }
  },
  "evaluation_summary": {
    "status": "complete",
    "n_probes": 3000,
    "nearest_neighbor_method": "sklearn",
    "weighted_error": {
      "median": 0.025561362504959106,
      "p90": 0.06678131222724915,
      "p95": 0.07924282550811768,
      "max": 0.22415685653686523
    },
    "nn_distance_12d": {
      "median": 0.7351536154747009,
      "p75": 0.8482224941253662,
      "p95": 1.050173044204712,
      "max": 1.2620047330856323
    },
    "correlation_weighted_error_vs_nn_distance": 0.5610671903374593,
    "spearman_weighted_error_vs_nn_distance": 0.6134606393415666,
    "failure_threshold_weighted_error": 0.06678131222724915,
    "sparse_threshold_nn_distance": 0.8482224941253662,
    "dense_threshold_nn_distance": 0.7351536154747009,
    "failure_class_counts": {
      "not_top_failure": 2700,
      "coverage_limited_sparse_failure": 221,
      "dense_model_feature_loss_failure": 38,
      "mixed_failure": 41
    },
    "top_failure_median_nn_distance": 0.952292799949646,
    "all_probe_median_nn_distance": 0.7351536154747009,
    "top_failure_table": "training_results/model_selection_reports/v15_active_hole_retest_20260620_082522_utc/v13_active_12d_hole_search_20260617_215931_utc/active_hole_search_top_failures.csv",
    "nn_error_table": "training_results/model_selection_reports/v15_active_hole_retest_20260620_082522_utc/v13_active_12d_hole_search_20260617_215931_utc/active_hole_nn_error_summary.csv",
    "regime_summary": "training_results/model_selection_reports/v15_active_hole_retest_20260620_082522_utc/v13_active_12d_hole_search_20260617_215931_utc/active_hole_regime_summary.csv",
    "relative_angle_summary": "training_results/model_selection_reports/v15_active_hole_retest_20260620_082522_utc/v13_active_12d_hole_search_20260617_215931_utc/active_hole_relative_angle_summary.csv",
    "hole_clusters": [
      {
        "cluster_id": 0,
        "method": "sklearn_kmeans",
        "n": 29,
        "median_weighted_error": 0.08957518637180328,
        "median_nn_distance_12d": 0.8288930058479309,
        "dominant_regime": "coupled_full_random",
        "dominant_failure_class": "coverage_limited_sparse_failure",
        "center_C1_normalized": -0.3731887583897032,
        "center_C3_normalized": 0.2947455183442297,
        "center_A1_x_normalized": 0.5727784101819169,
        "center_A1_y_normalized": -0.04333839541536639,
        "center_B2_x_normalized": 0.02798850992801546,
        "center_B2_y_normalized": 0.17987373929427958,
        "center_A2_x_normalized": -0.21011772148054222,
        "center_A2_y_normalized": -0.09698985173399079,
        "center_S3_x_normalized": 0.3835971163059103,
        "center_S3_y_normalized": -0.5738183756121275,
        "center_A3_x_normalized": -0.1687138698840964,
        "center_A3_y_normalized": -0.0737035323833597
      },
      {
        "cluster_id": 1,
        "method": "sklearn_kmeans",
        "n": 42,
        "median_weighted_error": 0.08254268020391464,
        "median_nn_distance_12d": 0.8048011660575867,
        "dominant_regime": "coupled_full_random",
        "dominant_failure_class": "coverage_limited_sparse_failure",
        "center_C1_normalized": -0.9335509581792921,
        "center_C3_normalized": 0.15505286372665847,
        "center_A1_x_normalized": 0.31766601588044846,
        "center_A1_y_normalized": 0.5578437453224547,
        "center_B2_x_normalized": -0.27366816110554193,
        "center_B2_y_normalized": 0.7173999692830774,
        "center_A2_x_normalized": -0.7618359306028911,
        "center_A2_y_normalized": 0.3798422985876511,
        "center_S3_x_normalized": -0.7292602888743082,
        "center_S3_y_normalized": 0.5624529820396788,
        "center_A3_x_normalized": -0.5127549596059889,
        "center_A3_y_normalized": 0.5997799891517275
      },
      {
        "cluster_id": 2,
        "method": "sklearn_kmeans",
        "n": 126,
        "median_weighted_error": 0.07632230594754219,
        "median_nn_distance_12d": 0.9565171897411346,
        "dominant_regime": "coupled_full_random",
        "dominant_failure_class": "coverage_limited_sparse_failure",
        "center_C1_normalized": -0.9211812833755728,
        "center_C3_normalized": 0.1204638879834896,
        "center_A1_x_normalized": 0.5044948991959696,
        "center_A1_y_normalized": 0.8245980424855738,
        "center_B2_x_normalized": -0.7609679013017624,
        "center_B2_y_normalized": 0.5879553735413879,
        "center_A2_x_normalized": -0.8897250532209577,
        "center_A2_y_normalized": 0.21413849817500227,