{
  "batch_id": "v14_1p5m_far_nn_d66",
  "run_id": "v14_1p5m_far_nn_d66_20260617_072618_utc",
  "created_utc": "2026-06-17T09:31:23.552185+00:00",
  "status": "complete",
  "batch_config": "colab_worker_logs/model_selection_batch_v14_1p5m_far_nn_d66_runtime.json",
  "max_runtime_minutes": 420.0,
  "estimated_minutes_per_job": 170.0,
  "walltime_safety_margin_minutes": 30.0,
  "jobs": [
    {
      "job_id": "v14_1p5m_far_nn_d66_seed23",
      "candidate_id": "D66_grouped_width320_lr6e-4_dropout0.075_v14_1p5m_far_nn_d66_seed23",
      "status": "complete",
      "returncode": 0,
      "elapsed_minutes": 125.09222979008334,
      "selection_score_path": "training_results/model_selection_loop/D66_grouped_width320_lr6e-4_dropout0.075_v14_1p5m_far_nn_d66_seed23_20260617_072619_utc/selection_score.json",
      "weighted_score": 0.012331293909935962,
      "rejected": false,
      "true_hard_target_normalized_mae": 0.006624051555991173,
      "hard_label_normalized_mae": 0.005509348059892877,
      "hard_label_normalized_p95": 0.018638171556734758,
      "overall_normalized_mae": 0.005195433273911476,
      "overall_normalized_p95": 0.0211273655295372,
      "easy_target_normalized_mae_relative_change": 0.036791418589810804,
      "C1_mae": 0.9392295479774475,
      "C1_rmse": 1.5741758346557617,
      "C1_p95_abs_error": 3.2687606811523438,
      "C1_bias": 0.03964338079094887,
      "C1_normalized_mae": 0.00939229503273964,
      "C1_normalized_p95_abs_error": 0.032687608152627945,
      "validation_normalized_mae": 0.005195433273911476,
      "validation_C1_mae": 0.7916814684867859,
      "validation_C1_rmse": 1.551287055015564,
      "validation_C1_p95_abs_error": 2.682800531387329,
      "validation_C1_bias": 0.20152561366558075,
      "validation_C1_normalized_mae": 0.007916814647614956,
      "validation_C1_normalized_p95_abs_error": 0.02682800590991974,
      "blind_normalized_mae": 0.005555886775255203,
      "blind_C1_mae": 0.7465115189552307,
      "blind_C1_rmse": 1.320324182510376,
      "blind_C1_p95_abs_error": 2.6822383403778076,
      "blind_C1_bias": 0.12225489318370819,
      "blind_C1_normalized_mae": 0.007465115282684565,
      "blind_C1_normalized_p95_abs_error": 0.02682238258421421,
      "stress_normalized_mae": 0.005760458298027515,
      "stress_C1_mae": 0.7036648988723755,
      "stress_C1_rmse": 1.3679914474487305,
      "stress_C1_p95_abs_error": 2.474093198776245,
      "stress_C1_bias": 0.024636536836624146,
      "stress_C1_normalized_mae": 0.007036649156361818,
      "stress_C1_normalized_p95_abs_error": 0.024740932509303093,
      "S3_high_magnitude_mae": 0.8386092782020569,
      "S3_high_magnitude_bias": -0.40541818737983704,
      "S3_high_magnitude_slope": 0.9718609310238278,
      "S3_high_mean_abs_angle_error_deg": 0.3645652234554291,
      "S3_high_p95_abs_angle_error_deg": 1.4111334085464478,
      "B2_magnitude_mae": 0.021979456767439842,
      "B2_mean_abs_angle_error_deg": 1.175121784210205,
      "A3_magnitude_mae": 0.5924979448318481,
      "A3_mean_abs_angle_error_deg": 1.0772165060043335
    }
  ],
  "artifact_policy": {
    "push_large_artifacts": false,
    "allowed_artifacts": [
      "run_manifest_model_loop.json",
      "metrics_model_loop.json",
      "selection_score.json",
      "per_target_diagnostics.json",
      "vector_diagnostics.json",
      "s3_magnitude_metric_audit_validation.csv",
      "residual_vs_nn_distance_summary.json",
      "residual_vs_nn_distance_report.md",
      "residual_vs_nn_distance_top_residuals.csv",
      "residual_vs_nn_distance_binned_summary.csv",
      "residual_vs_nn_distance_by_regime_quartile.csv",
      "model_registry_model_loop.csv",
      "training_history_summary.csv",
      "training_history_model_loop.png",
      "prediction_scatter_model_loop.png",
      "batch_manifest.json",
      "batch_summary.csv"
    ]
  }
}
