{
  "batch_id": "v3_s3_magnitude_loss_weight_batch",
  "run_id": "v3_s3_magnitude_loss_weight_batch_20260610_063206_utc",
  "created_utc": "2026-06-10T06:32:06.951898+00:00",
  "status": "complete",
  "batch_config": "configs/model_selection_batch_live.json",
  "max_runtime_minutes": 70.0,
  "estimated_minutes_per_job": 12.0,
  "walltime_safety_margin_minutes": 6.0,
  "jobs": [
    {
      "job_id": "w320_lr6e-4_do0p075_s3mag_w0p10_seed7",
      "candidate_id": "D66_grouped_width320_lr6e-4_dropout0.075_targeted25k_s3magloss_w0p10",
      "status": "skipped_completed",
      "selection_score_path": "training_results/model_selection_loop/D66_grouped_width320_lr6e-4_dropout0.075_targeted25k_s3magloss_w0p10_20260610_055058_utc/selection_score.json",
      "weighted_score": 0.059358022894280466,
      "rejected": false,
      "true_hard_target_normalized_mae": 0.029950775578618048,
      "hard_label_normalized_mae": 0.02832358541826789,
      "hard_label_normalized_p95": 0.10131753622912443,
      "overall_normalized_mae": 0.02216383069753647,
      "overall_normalized_p95": 0.08501366525888443,
      "easy_target_normalized_mae_relative_change": 0.00875513109361744,
      "validation_normalized_mae": 0.02216383069753647,
      "blind_normalized_mae": 0.015977922827005386,
      "stress_normalized_mae": 0.016543401405215263,
      "S3_high_magnitude_mae": 9.992400169372559,
      "S3_high_magnitude_bias": -8.000362396240234,
      "S3_high_magnitude_slope": 0.7031427009720516,
      "S3_high_mean_abs_angle_error_deg": 6.456021308898926,
      "S3_high_p95_abs_angle_error_deg": 23.6611328125,
      "B2_magnitude_mae": 0.09235461801290512,
      "B2_mean_abs_angle_error_deg": 4.927046298980713,
      "A3_magnitude_mae": 2.332115411758423,
      "A3_mean_abs_angle_error_deg": 4.259491443634033
    },
    {
      "job_id": "w320_lr6e-4_do0p075_s3mag_w0p25_seed7",
      "candidate_id": "D66_grouped_width320_lr6e-4_dropout0.075_targeted25k_s3magloss_w0p25",
      "status": "skipped_completed",
      "selection_score_path": "training_results/model_selection_loop/D66_grouped_width320_lr6e-4_dropout0.075_targeted25k_s3magloss_w0p25_high2_20260610_061945_utc/selection_score.json",
      "weighted_score": 0.06028887598775328,
      "rejected": false,
      "true_hard_target_normalized_mae": 0.02979080267250538,
      "hard_label_normalized_mae": 0.028453456345372476,
      "hard_label_normalized_p95": 0.10426202702980776,
      "overall_normalized_mae": 0.02219802886247635,
      "overall_normalized_p95": 0.08487894386053085,
      "easy_target_normalized_mae_relative_change": 0.019260570533050414,
      "validation_normalized_mae": 0.02219802886247635,
      "blind_normalized_mae": 0.015588459558784962,
      "stress_normalized_mae": 0.016453830525279045,
      "S3_high_magnitude_mae": 9.993887901306152,
      "S3_high_magnitude_bias": -8.183464050292969,
      "S3_high_magnitude_slope": 0.7175789935634709,
      "S3_high_mean_abs_angle_error_deg": 5.685982704162598,
      "S3_high_p95_abs_angle_error_deg": 20.77734375,
      "B2_magnitude_mae": 0.09123774617910385,
      "B2_mean_abs_angle_error_deg": 5.0483622550964355,
      "A3_magnitude_mae": 2.3460440635681152,
      "A3_mean_abs_angle_error_deg": 4.22312068939209
    },
    {
      "job_id": "w320_lr6e-4_do0p075_s3mag_w0p50_seed7",
      "candidate_id": "D66_grouped_width320_lr6e-4_dropout0.075_targeted25k_s3magloss_w0p50",
      "status": "skipped_completed",
      "selection_score_path": "training_results/model_selection_loop/D66_grouped_width320_lr6e-4_dropout0.075_targeted25k_s3magloss_w0p50_20260610_061003_utc/selection_score.json",
      "weighted_score": 0.06102953821993791,
      "rejected": false,
      "true_hard_target_normalized_mae": 0.03034669943153858,
      "hard_label_normalized_mae": 0.02872316138102458,
      "hard_label_normalized_p95": 0.10476545029534744,
      "overall_normalized_mae": 0.02260931394994259,
      "overall_normalized_p95": 0.08991733193397522,
      "easy_target_normalized_mae_relative_change": 0.037974838166547425,
      "validation_normalized_mae": 0.02260931394994259,
      "blind_normalized_mae": 0.01637984812259674,
      "stress_normalized_mae": 0.01699756644666195,
      "S3_high_magnitude_mae": 9.56650161743164,
      "S3_high_magnitude_bias": -7.77577543258667,
      "S3_high_magnitude_slope": 0.685331892630064,
      "S3_high_mean_abs_angle_error_deg": 5.725249767303467,
      "S3_high_p95_abs_angle_error_deg": 18.76470947265625,
      "B2_magnitude_mae": 0.09722157567739487,
      "B2_mean_abs_angle_error_deg": 5.401106357574463,
      "A3_magnitude_mae": 2.4470417499542236,
      "A3_mean_abs_angle_error_deg": 4.216793537139893
    },
    {
      "job_id": "w320_lr6e-4_do0p075_s3mag_w0p25_high2_seed7",
      "candidate_id": "D66_grouped_width320_lr6e-4_dropout0.075_targeted25k_s3magloss_w0p25_high2",
      "status": "skipped_completed",
      "selection_score_path": "training_results/model_selection_loop/D66_grouped_width320_lr6e-4_dropout0.075_targeted25k_s3magloss_w0p25_high2_20260610_061945_utc/selection_score.json",
      "weighted_score": 0.06028887598775328,
      "rejected": false,
      "true_hard_target_normalized_mae": 0.02979080267250538,
      "hard_label_normalized_mae": 0.028453456345372476,
      "hard_label_normalized_p95": 0.10426202702980776,
      "overall_normalized_mae": 0.02219802886247635,
      "overall_normalized_p95": 0.08487894386053085,
      "easy_target_normalized_mae_relative_change": 0.019260570533050414,
      "validation_normalized_mae": 0.02219802886247635,
      "blind_normalized_mae": 0.015588459558784962,
      "stress_normalized_mae": 0.016453830525279045,
      "S3_high_magnitude_mae": 9.993887901306152,
      "S3_high_magnitude_bias": -8.183464050292969,
      "S3_high_magnitude_slope": 0.7175789935634709,
      "S3_high_mean_abs_angle_error_deg": 5.685982704162598,
      "S3_high_p95_abs_angle_error_deg": 20.77734375,
      "B2_magnitude_mae": 0.09123774617910385,
      "B2_mean_abs_angle_error_deg": 5.0483622550964355,
      "A3_magnitude_mae": 2.3460440635681152,
      "A3_mean_abs_angle_error_deg": 4.22312068939209
    }
  ],
  "artifact_policy": {
    "push_large_artifacts": false,
    "allowed_artifacts": [
      "run_manifest_model_loop.json",
      "metrics_model_loop.json",
      "selection_score.json",
      "per_target_diagnostics.json",
      "vector_diagnostics.json",
      "model_registry_model_loop.csv",
      "training_history_summary.csv",
      "training_history_model_loop.png",
      "prediction_scatter_model_loop.png",
      "batch_manifest.json",
      "batch_summary.csv"
    ]
  }
}
