{
  "batch_id": "v7_c1_gap125k_smoothl1",
  "run_id": "v7_c1_gap125k_smoothl1_20260612_063859_utc",
  "created_utc": "2026-06-12T07:44:25.834210+00:00",
  "status": "complete",
  "batch_config": "colab_worker_logs/model_selection_batch_v7_c1_gap125k_runtime.json",
  "max_runtime_minutes": 190.0,
  "estimated_minutes_per_job": 28.0,
  "walltime_safety_margin_minutes": 12.0,
  "jobs": [
    {
      "job_id": "v7_c1_gap125k_seed23",
      "candidate_id": "D66_grouped_width320_lr6e-4_dropout0.075_v7c1gap125k_seed23",
      "status": "complete",
      "returncode": 0,
      "elapsed_minutes": 32.49645682564999,
      "selection_score_path": "training_results/model_selection_loop/D66_grouped_width320_lr6e-4_dropout0.075_v7c1gap125k_seed23_20260612_063900_utc/selection_score.json",
      "weighted_score": 0.037524931302222495,
      "rejected": false,
      "true_hard_target_normalized_mae": 0.01842256486415863,
      "hard_label_normalized_mae": 0.01829812638103389,
      "hard_label_normalized_p95": 0.06548168474378493,
      "overall_normalized_mae": 0.013932274654507637,
      "overall_normalized_p95": 0.05336553230881691,
      "easy_target_normalized_mae_relative_change": 0.004172304895483044,
      "C1_mae": 0.8846222162246704,
      "C1_rmse": 1.4794753789901733,
      "C1_p95_abs_error": 3.149169921875,
      "C1_bias": 0.16845479607582092,
      "C1_normalized_mae": 0.008846222423017025,
      "C1_normalized_p95_abs_error": 0.03149170055985451,
      "validation_normalized_mae": 0.013932274654507637,
      "validation_C1_mae": 1.8194127082824707,
      "validation_C1_rmse": 2.914592742919922,
      "validation_C1_p95_abs_error": 5.976982116699219,
      "validation_C1_bias": 0.2684028744697571,
      "validation_C1_normalized_mae": 0.018194127827882767,
      "validation_C1_normalized_p95_abs_error": 0.05976982042193413,
      "blind_normalized_mae": 0.01087819505482912,
      "blind_C1_mae": 1.2773679494857788,
      "blind_C1_rmse": 2.0772624015808105,
      "blind_C1_p95_abs_error": 4.494616508483887,
      "blind_C1_bias": 0.24266234040260315,
      "blind_C1_normalized_mae": 0.012773679569363594,
      "blind_C1_normalized_p95_abs_error": 0.04494616389274597,
      "stress_normalized_mae": 0.010407553985714912,
      "stress_C1_mae": 1.2761313915252686,
      "stress_C1_rmse": 2.4627509117126465,
      "stress_C1_p95_abs_error": 5.261631011962891,
      "stress_C1_bias": 0.1528078019618988,
      "stress_C1_normalized_mae": 0.01276131346821785,
      "stress_C1_normalized_p95_abs_error": 0.05261630937457085,
      "S3_high_magnitude_mae": 6.099832057952881,
      "S3_high_magnitude_bias": -4.626948356628418,
      "S3_high_magnitude_slope": 0.8473033759810513,
      "S3_high_mean_abs_angle_error_deg": 2.9854230880737305,
      "S3_high_p95_abs_angle_error_deg": 10.760885238647461,
      "B2_magnitude_mae": 0.06204991787672043,
      "B2_mean_abs_angle_error_deg": 3.374215602874756,
      "A3_magnitude_mae": 1.377822995185852,
      "A3_mean_abs_angle_error_deg": 2.5248477458953857
    },
    {
      "job_id": "v7_c1_gap125k_seed7",
      "candidate_id": "D66_grouped_width320_lr6e-4_dropout0.075_v7c1gap125k_seed7",
      "status": "complete",
      "returncode": 0,
      "elapsed_minutes": 32.939371991200005,
      "selection_score_path": "training_results/model_selection_loop/D66_grouped_width320_lr6e-4_dropout0.075_v7c1gap125k_seed7_20260612_071130_utc/selection_score.json",
      "weighted_score": 0.03791000939475802,
      "rejected": false,
      "true_hard_target_normalized_mae": 0.018596587143838404,
      "hard_label_normalized_mae": 0.01850871566253213,
      "hard_label_normalized_p95": 0.06590661048316039,
      "overall_normalized_mae": 0.01408735103905201,
      "overall_normalized_p95": 0.053824909031391144,
      "easy_target_normalized_mae_relative_change": 0.017425127641129246,
      "C1_mae": 0.9252405762672424,
      "C1_rmse": 1.5186548233032227,
      "C1_p95_abs_error": 3.1681079864501953,
      "C1_bias": 0.11820388585329056,
      "C1_normalized_mae": 0.009252405725419521,
      "C1_normalized_p95_abs_error": 0.03168107941746712,
      "validation_normalized_mae": 0.01408735103905201,
      "validation_C1_mae": 1.8850126266479492,
      "validation_C1_rmse": 2.889864444732666,
      "validation_C1_p95_abs_error": 6.2110114097595215,
      "validation_C1_bias": 0.21416844427585602,
      "validation_C1_normalized_mae": 0.01885012537240982,
      "validation_C1_normalized_p95_abs_error": 0.062110114842653275,
      "blind_normalized_mae": 0.011047076433897018,
      "blind_C1_mae": 1.2827873229980469,
      "blind_C1_rmse": 2.112142324447632,
      "blind_C1_p95_abs_error": 4.082596302032471,
      "blind_C1_bias": 0.23927022516727448,
      "blind_C1_normalized_mae": 0.012827873229980469,
      "blind_C1_normalized_p95_abs_error": 0.04082596302032471,
      "stress_normalized_mae": 0.010491713881492615,
      "stress_C1_mae": 1.3167643547058105,
      "stress_C1_rmse": 2.5756494998931885,
      "stress_C1_p95_abs_error": 5.358500957489014,
      "stress_C1_bias": 0.15458841621875763,
      "stress_C1_normalized_mae": 0.013167643919587135,
      "stress_C1_normalized_p95_abs_error": 0.05358500778675079,
      "S3_high_magnitude_mae": 6.204164028167725,
      "S3_high_magnitude_bias": -4.525639533996582,
      "S3_high_magnitude_slope": 0.8927862316262694,
      "S3_high_mean_abs_angle_error_deg": 2.8484103679656982,
      "S3_high_p95_abs_angle_error_deg": 9.644516944885254,
      "B2_magnitude_mae": 0.06243402138352394,
      "B2_mean_abs_angle_error_deg": 3.37933087348938,
      "A3_magnitude_mae": 1.4063220024108887,
      "A3_mean_abs_angle_error_deg": 2.5093517303466797
    }
  ],
  "artifact_policy": {
    "push_large_artifacts": false,
    "allowed_artifacts": [
      "run_manifest_model_loop.json",
      "metrics_model_loop.json",
      "selection_score.json",
      "per_target_diagnostics.json",
      "vector_diagnostics.json",
      "s3_magnitude_metric_audit_validation.csv",
      "model_registry_model_loop.csv",
      "training_history_summary.csv",
      "training_history_model_loop.png",
      "prediction_scatter_model_loop.png",
      "batch_manifest.json",
      "batch_summary.csv",
      "s3_magnitude_metric_audit_*.md",
      "training_validation_loss_gap_audit_*.md"
    ]
  }
}
