{
  "batch_id": "v8_defocus_difference_features",
  "run_id": "v8_defocus_difference_features_20260614_000621_utc",
  "created_utc": "2026-06-14T03:30:58.210945+00:00",
  "status": "complete",
  "batch_config": "colab_worker_logs/model_selection_batch_v8_defocus_difference_features_runtime.json",
  "max_runtime_minutes": 230.0,
  "estimated_minutes_per_job": 30.0,
  "walltime_safety_margin_minutes": 12.0,
  "jobs": [
    {
      "job_id": "v8_fixedsplit_d66_seed23",
      "candidate_id": "D66_grouped_width320_lr6e-4_dropout0.075_v8fixedsplit_d66_seed23",
      "status": "skipped_completed",
      "selection_score_path": "training_results/model_selection_loop/D66_grouped_width320_lr6e-4_dropout0.075_v8fixedsplit_d66_seed23_20260613_231756_utc/selection_score.json",
      "weighted_score": 0.0366377102318578,
      "rejected": false,
      "true_hard_target_normalized_mae": 0.018527092412114143,
      "hard_label_normalized_mae": 0.018090681817669138,
      "hard_label_normalized_p95": 0.0634470393594641,
      "overall_normalized_mae": 0.013985180296003819,
      "overall_normalized_p95": 0.052456844598054886,
      "easy_target_normalized_mae_relative_change": 0.005673837371338457,
      "C1_mae": 0.8919318914413452,
      "C1_rmse": 1.4713737964630127,
      "C1_p95_abs_error": 3.1141109466552734,
      "C1_bias": 0.0553165078163147,
      "C1_normalized_mae": 0.00891931913793087,
      "C1_normalized_p95_abs_error": 0.031141109764575958,
      "validation_normalized_mae": 0.013985180296003819,
      "validation_C1_mae": 1.792754888534546,
      "validation_C1_rmse": 2.914816379547119,
      "validation_C1_p95_abs_error": 5.8765997886657715,
      "validation_C1_bias": 0.2292623072862625,
      "validation_C1_normalized_mae": 0.01792754977941513,
      "validation_C1_normalized_p95_abs_error": 0.058765996247529984,
      "blind_normalized_mae": 0.010960858315229416,
      "blind_C1_mae": 1.2718461751937866,
      "blind_C1_rmse": 2.0584261417388916,
      "blind_C1_p95_abs_error": 4.209012031555176,
      "blind_C1_bias": 0.18860949575901031,
      "blind_C1_normalized_mae": 0.012718461453914642,
      "blind_C1_normalized_p95_abs_error": 0.042090121656656265,
      "stress_normalized_mae": 0.010209410451352596,
      "stress_C1_mae": 1.2097731828689575,
      "stress_C1_rmse": 2.321133852005005,
      "stress_C1_p95_abs_error": 4.987336158752441,
      "stress_C1_bias": 0.028153609484434128,
      "stress_C1_normalized_mae": 0.012097732163965702,
      "stress_C1_normalized_p95_abs_error": 0.049873363226652145,
      "S3_high_magnitude_mae": 6.109638690948486,
      "S3_high_magnitude_bias": -4.443100929260254,
      "S3_high_magnitude_slope": 0.812416315788721,
      "S3_high_mean_abs_angle_error_deg": 2.917630910873413,
      "S3_high_p95_abs_angle_error_deg": 8.974971771240234,
      "B2_magnitude_mae": 0.06352008879184723,
      "B2_mean_abs_angle_error_deg": 3.1767702102661133,
      "A3_magnitude_mae": 1.3807569742202759,
      "A3_mean_abs_angle_error_deg": 2.5268869400024414
    },
    {
      "job_id": "v8_c1diff_basic_seed23",
      "candidate_id": "D66_grouped_width320_lr6e-4_dropout0.075_v8c1diff_basic_seed23",
      "status": "complete",
      "returncode": 0,
      "elapsed_minutes": 55.76969778621666,
      "selection_score_path": "training_results/model_selection_loop/D66_grouped_width320_lr6e-4_dropout0.075_v8c1diff_basic_seed23_20260614_000621_utc/selection_score.json",
      "weighted_score": 0.03779580818489194,
      "rejected": false,
      "true_hard_target_normalized_mae": 0.018852335400879383,
      "hard_label_normalized_mae": 0.018374078083210267,
      "hard_label_normalized_p95": 0.06513733982753295,
      "overall_normalized_mae": 0.014134794473648071,
      "overall_normalized_p95": 0.052974265068769455,
      "easy_target_normalized_mae_relative_change": 0.007936291717240843,
      "C1_mae": 0.8720908164978027,
      "C1_rmse": 1.4446476697921753,
      "C1_p95_abs_error": 3.025003433227539,
      "C1_bias": 0.10605595260858536,
      "C1_normalized_mae": 0.00872090831398964,
      "C1_normalized_p95_abs_error": 0.030250035226345062,
      "validation_normalized_mae": 0.014134794473648071,
      "validation_C1_mae": 1.75738525390625,
      "validation_C1_rmse": 2.8514041900634766,
      "validation_C1_p95_abs_error": 5.805047988891602,
      "validation_C1_bias": 0.25398027896881104,
      "validation_C1_normalized_mae": 0.017573852092027664,
      "validation_C1_normalized_p95_abs_error": 0.058050479739904404,
      "blind_normalized_mae": 0.011150702834129333,
      "blind_C1_mae": 1.2479521036148071,
      "blind_C1_rmse": 1.9900215864181519,
      "blind_C1_p95_abs_error": 4.189547538757324,
      "blind_C1_bias": 0.23905257880687714,
      "blind_C1_normalized_mae": 0.012479521334171295,
      "blind_C1_normalized_p95_abs_error": 0.04189547523856163,
      "stress_normalized_mae": 0.010409494861960411,
      "stress_C1_mae": 1.2148882150650024,
      "stress_C1_rmse": 2.3414652347564697,
      "stress_C1_p95_abs_error": 5.068765640258789,
      "stress_C1_bias": 0.12148561328649521,
      "stress_C1_normalized_mae": 0.012148882262408733,
      "stress_C1_normalized_p95_abs_error": 0.05068765580654144,
      "S3_high_magnitude_mae": 6.020186901092529,
      "S3_high_magnitude_bias": -4.385275363922119,
      "S3_high_magnitude_slope": 0.8254445932980597,
      "S3_high_mean_abs_angle_error_deg": 3.0997297763824463,
      "S3_high_p95_abs_angle_error_deg": 10.557927131652832,
      "B2_magnitude_mae": 0.060853131115436554,
      "B2_mean_abs_angle_error_deg": 3.413386344909668,
      "A3_magnitude_mae": 1.4294356107711792,
      "A3_mean_abs_angle_error_deg": 2.6038858890533447
    },
    {
      "job_id": "v8_c1diff_full_seed23",
      "candidate_id": "D66_grouped_width320_lr6e-4_dropout0.075_v8c1diff_full_seed23",
      "status": "complete",
      "returncode": 0,
      "elapsed_minutes": 57.76682957346666,
      "selection_score_path": "training_results/model_selection_loop/D66_grouped_width320_lr6e-4_dropout0.075_v8c1diff_full_seed23_20260614_010207_utc/selection_score.json",
      "weighted_score": 0.036357190888016845,
      "rejected": false,
      "true_hard_target_normalized_mae": 0.01813179850578308,
      "hard_label_normalized_mae": 0.01805195242811281,
      "hard_label_normalized_p95": 0.0636647421006973,
      "overall_normalized_mae": 0.01381741277873516,
      "overall_normalized_p95": 0.051756687462329865,
      "easy_target_normalized_mae_relative_change": 0.005182088023625179,
      "C1_mae": 0.8130364418029785,
      "C1_rmse": 1.3229542970657349,
      "C1_p95_abs_error": 2.695530891418457,
      "C1_bias": -0.008511317893862724,
      "C1_normalized_mae": 0.008130364120006561,
      "C1_normalized_p95_abs_error": 0.02695530839264393,
      "validation_normalized_mae": 0.01381741277873516,
      "validation_C1_mae": 1.6778815984725952,
      "validation_C1_rmse": 2.7644009590148926,
      "validation_C1_p95_abs_error": 5.330109596252441,
      "validation_C1_bias": 0.05079377815127373,
      "validation_C1_normalized_mae": 0.016778815537691116,
      "validation_C1_normalized_p95_abs_error": 0.053301095962524414,
      "blind_normalized_mae": 0.011316279880702496,
      "blind_C1_mae": 1.242019772529602,
      "blind_C1_rmse": 2.0100228786468506,
      "blind_C1_p95_abs_error": 4.124650478363037,
      "blind_C1_bias": -0.18934234976768494,
      "blind_C1_normalized_mae": 0.012420197948813438,
      "blind_C1_normalized_p95_abs_error": 0.041246503591537476,
      "stress_normalized_mae": 0.010504192672669888,
      "stress_C1_mae": 1.2610827684402466,
      "stress_C1_rmse": 2.723520517349243,
      "stress_C1_p95_abs_error": 4.624108791351318,
      "stress_C1_bias": 0.021791653707623482,
      "stress_C1_normalized_mae": 0.012610827572643757,
      "stress_C1_normalized_p95_abs_error": 0.04624108970165253,
      "S3_high_magnitude_mae": 5.779057025909424,