{
  "batch_id": "v6_benchmark_gap100k_smoothl1",
  "run_id": "v6_benchmark_gap100k_smoothl1_20260612_051859_utc",
  "created_utc": "2026-06-12T06:10:49.337391+00:00",
  "status": "complete",
  "batch_config": "colab_worker_logs/model_selection_batch_v6_benchmark_gap100k_runtime.json",
  "max_runtime_minutes": 170.0,
  "estimated_minutes_per_job": 22.0,
  "walltime_safety_margin_minutes": 12.0,
  "jobs": [
    {
      "job_id": "v6_benchmark_gap100k_seed23",
      "candidate_id": "D66_grouped_width320_lr6e-4_dropout0.075_v6gap100k_seed23",
      "status": "complete",
      "returncode": 0,
      "elapsed_minutes": 26.08606351986667,
      "selection_score_path": "training_results/model_selection_loop/D66_grouped_width320_lr6e-4_dropout0.075_v6gap100k_seed23_20260612_051859_utc/selection_score.json",
      "weighted_score": 0.03689948415347876,
      "rejected": false,
      "true_hard_target_normalized_mae": 0.018496652878820897,
      "hard_label_normalized_mae": 0.018098744939869415,
      "hard_label_normalized_p95": 0.06435913657053159,
      "overall_normalized_mae": 0.013937150128185749,
      "overall_normalized_p95": 0.05218694731593132,
      "easy_target_normalized_mae_relative_change": -0.24426944253083957,
      "validation_normalized_mae": 0.013937150128185749,
      "blind_normalized_mae": 0.010852726176381111,
      "stress_normalized_mae": 0.010182945057749748,
      "S3_high_magnitude_mae": 6.273777484893799,
      "S3_high_magnitude_bias": -4.646976947784424,
      "S3_high_magnitude_slope": 0.7986199426235208,
      "S3_high_mean_abs_angle_error_deg": 3.1435766220092773,
      "S3_high_p95_abs_angle_error_deg": 9.773489952087402,
      "B2_magnitude_mae": 0.06011036038398743,
      "B2_mean_abs_angle_error_deg": 3.22275447845459,
      "A3_magnitude_mae": 1.4007463455200195,
      "A3_mean_abs_angle_error_deg": 2.495020627975464
    },
    {
      "job_id": "v6_benchmark_gap100k_seed7",
      "candidate_id": "D66_grouped_width320_lr6e-4_dropout0.075_v6gap100k_seed7",
      "status": "complete",
      "returncode": 0,
      "elapsed_minutes": 25.748350277383345,
      "selection_score_path": "training_results/model_selection_loop/D66_grouped_width320_lr6e-4_dropout0.075_v6gap100k_seed7_20260612_054505_utc/selection_score.json",
      "weighted_score": 0.03713962128493362,
      "rejected": false,
      "true_hard_target_normalized_mae": 0.018651212751865386,
      "hard_label_normalized_mae": 0.018096799192090448,
      "hard_label_normalized_p95": 0.0642575787810179,
      "overall_normalized_mae": 0.014035683125257492,
      "overall_normalized_p95": 0.053003691136837006,
      "easy_target_normalized_mae_relative_change": -0.24012897652664444,
      "validation_normalized_mae": 0.014035683125257492,
      "blind_normalized_mae": 0.010916790924966335,
      "stress_normalized_mae": 0.010380726307630539,
      "S3_high_magnitude_mae": 5.960363388061523,
      "S3_high_magnitude_bias": -4.40376615524292,
      "S3_high_magnitude_slope": 0.8119361278264643,
      "S3_high_mean_abs_angle_error_deg": 3.0617852210998535,
      "S3_high_p95_abs_angle_error_deg": 10.205245018005371,
      "B2_magnitude_mae": 0.06153310462832451,
      "B2_mean_abs_angle_error_deg": 3.263284206390381,
      "A3_magnitude_mae": 1.3737086057662964,
      "A3_mean_abs_angle_error_deg": 2.4440438747406006
    }
  ],
  "artifact_policy": {
    "push_large_artifacts": false,
    "allowed_artifacts": [
      "run_manifest_model_loop.json",
      "metrics_model_loop.json",
      "selection_score.json",
      "per_target_diagnostics.json",
      "vector_diagnostics.json",
      "s3_magnitude_metric_audit_validation.csv",
      "model_registry_model_loop.csv",
      "training_history_summary.csv",
      "training_history_model_loop.png",
      "prediction_scatter_model_loop.png",
      "batch_manifest.json",
      "batch_summary.csv",
      "s3_magnitude_metric_audit_*.md",
      "training_validation_loss_gap_audit_*.md"
    ]
  }
}
