{
  "batch_id": "v11_gap500k_d66",
  "run_id": "v11_gap500k_d66_20260614_214817_utc",
  "created_utc": "2026-06-14T23:23:09.763352+00:00",
  "status": "complete",
  "batch_config": "colab_worker_logs/model_selection_batch_v11_gap500k_d66_runtime.json",
  "max_runtime_minutes": 420.0,
  "estimated_minutes_per_job": 90.0,
  "walltime_safety_margin_minutes": 20.0,
  "jobs": [
    {
      "job_id": "v11_gap500k_d66_seed23",
      "candidate_id": "D66_grouped_width320_lr6e-4_dropout0.075_v11gap500k_d66_seed23",
      "status": "complete",
      "returncode": 0,
      "elapsed_minutes": 47.62651330559999,
      "selection_score_path": "training_results/model_selection_loop/D66_grouped_width320_lr6e-4_dropout0.075_v11gap500k_d66_seed23_20260614_214818_utc/selection_score.json",
      "weighted_score": 0.02710163498727175,
      "rejected": false,
      "true_hard_target_normalized_mae": 0.014031273685395718,
      "hard_label_normalized_mae": 0.013232825610500116,
      "hard_label_normalized_p95": 0.04641839066663614,
      "overall_normalized_mae": 0.010711723007261753,
      "overall_normalized_p95": 0.03968114033341408,
      "easy_target_normalized_mae_relative_change": -0.10887639526032573,
      "C1_mae": 0.6624000072479248,
      "C1_rmse": 1.2511012554168701,
      "C1_p95_abs_error": 2.6278929710388184,
      "C1_bias": 0.016968803480267525,
      "C1_normalized_mae": 0.006624000146985054,
      "C1_normalized_p95_abs_error": 0.02627892978489399,
      "validation_normalized_mae": 0.010711723007261753,
      "validation_C1_mae": 1.4080702066421509,
      "validation_C1_rmse": 2.349618911743164,
      "validation_C1_p95_abs_error": 4.529171466827393,
      "validation_C1_bias": 0.06777872145175934,
      "validation_C1_normalized_mae": 0.01408070232719183,
      "validation_C1_normalized_p95_abs_error": 0.0452917143702507,
      "blind_normalized_mae": 0.00883734691888094,
      "blind_C1_mae": 0.9721904993057251,
      "blind_C1_rmse": 1.5172032117843628,
      "blind_C1_p95_abs_error": 3.1988472938537598,
      "blind_C1_bias": 0.16001185774803162,
      "blind_C1_normalized_mae": 0.009721904993057251,
      "blind_C1_normalized_p95_abs_error": 0.0319884717464447,
      "stress_normalized_mae": 0.007697608321905136,
      "stress_C1_mae": 0.8810798525810242,
      "stress_C1_rmse": 1.6365410089492798,
      "stress_C1_p95_abs_error": 3.506761312484741,
      "stress_C1_bias": -0.0019110216526314616,
      "stress_C1_normalized_mae": 0.00881079863756895,
      "stress_C1_normalized_p95_abs_error": 0.035067614167928696,
      "S3_high_magnitude_mae": 4.318438529968262,
      "S3_high_magnitude_bias": -3.044936180114746,
      "S3_high_magnitude_slope": 0.8576405508232647,
      "S3_high_mean_abs_angle_error_deg": 2.2342350482940674,
      "S3_high_p95_abs_angle_error_deg": 7.9428863525390625,
      "B2_magnitude_mae": 0.0497998483479023,
      "B2_mean_abs_angle_error_deg": 2.4614298343658447,
      "A3_magnitude_mae": 1.0987972021102905,
      "A3_mean_abs_angle_error_deg": 1.7670190334320068
    },
    {
      "job_id": "v11_gap500k_d66_seed7",
      "candidate_id": "D66_grouped_width320_lr6e-4_dropout0.075_v11gap500k_d66_seed7",
      "status": "complete",
      "returncode": 0,
      "elapsed_minutes": 47.236771591266645,
      "selection_score_path": "training_results/model_selection_loop/D66_grouped_width320_lr6e-4_dropout0.075_v11gap500k_d66_seed7_20260614_223556_utc/selection_score.json",
      "weighted_score": 0.026185246058739724,
      "rejected": false,
      "true_hard_target_normalized_mae": 0.013717182539403438,
      "hard_label_normalized_mae": 0.013007054302411584,
      "hard_label_normalized_p95": 0.04462696640537336,
      "overall_normalized_mae": 0.010558954440057278,
      "overall_normalized_p95": 0.03925498202443123,
      "easy_target_normalized_mae_relative_change": -0.11288683529300661,
      "C1_mae": 0.6533181667327881,
      "C1_rmse": 1.231621265411377,
      "C1_p95_abs_error": 2.580692768096924,
      "C1_bias": 0.054023679345846176,
      "C1_normalized_mae": 0.006533181760460138,
      "C1_normalized_p95_abs_error": 0.025806928053498268,
      "validation_normalized_mae": 0.010558954440057278,
      "validation_C1_mae": 1.3587894439697266,
      "validation_C1_rmse": 2.2295477390289307,
      "validation_C1_p95_abs_error": 4.223588943481445,
      "validation_C1_bias": 0.20498575270175934,
      "validation_C1_normalized_mae": 0.013587894849479198,
      "validation_C1_normalized_p95_abs_error": 0.04223588854074478,
      "blind_normalized_mae": 0.008859015069901943,
      "blind_C1_mae": 0.9808294773101807,
      "blind_C1_rmse": 1.5462768077850342,
      "blind_C1_p95_abs_error": 3.3373143672943115,
      "blind_C1_bias": 0.12579776346683502,
      "blind_C1_normalized_mae": 0.009808294475078583,
      "blind_C1_normalized_p95_abs_error": 0.0333731435239315,
      "stress_normalized_mae": 0.007606793660670519,
      "stress_C1_mae": 0.871272623538971,
      "stress_C1_rmse": 1.639302134513855,
      "stress_C1_p95_abs_error": 3.397833824157715,
      "stress_C1_bias": 0.09148643910884857,
      "stress_C1_normalized_mae": 0.008712726645171642,
      "stress_C1_normalized_p95_abs_error": 0.03397833928465843,
      "S3_high_magnitude_mae": 4.093108654022217,
      "S3_high_magnitude_bias": -2.9125218391418457,
      "S3_high_magnitude_slope": 0.8452694598049078,
      "S3_high_mean_abs_angle_error_deg": 2.1498968601226807,
      "S3_high_p95_abs_angle_error_deg": 6.9991302490234375,
      "B2_magnitude_mae": 0.04980476573109627,
      "B2_mean_abs_angle_error_deg": 2.4905166625976562,
      "A3_magnitude_mae": 1.1449402570724487,
      "A3_mean_abs_angle_error_deg": 1.776120662689209
    }
  ],
  "artifact_policy": {
    "push_large_artifacts": false,
    "allowed_artifacts": [
      "run_manifest_model_loop.json",
      "metrics_model_loop.json",
      "selection_score.json",
      "per_target_diagnostics.json",
      "vector_diagnostics.json",
      "s3_magnitude_metric_audit_validation.csv",
      "model_registry_model_loop.csv",
      "training_history_summary.csv",
      "training_history_model_loop.png",
      "prediction_scatter_model_loop.png",
      "batch_manifest.json",
      "batch_summary.csv",
      "s3_magnitude_metric_audit_*.md",
      "training_validation_loss_gap_audit_*.md"
    ]
  }
}
