{
  "batch_id": "v5_s3_tail60k_smoothl1_retrain_batch",
  "run_id": "v5_s3_tail60k_smoothl1_retrain_batch_20260611_084342_utc",
  "created_utc": "2026-06-11T09:16:38.964549+00:00",
  "status": "complete",
  "batch_config": "configs/model_selection_batch_v5_s3_tail60k.json",
  "max_runtime_minutes": 120.0,
  "estimated_minutes_per_job": 18.0,
  "walltime_safety_margin_minutes": 10.0,
  "jobs": [
    {
      "job_id": "w320_plateau_clip_smoothl1_s3tail60k_torchseed7_splitseed7",
      "candidate_id": "D66_grouped_width320_lr6e-4_dropout0.075_s3tail60k_plateau_clip_smoothl1_seed7",
      "status": "complete",
      "returncode": 0,
      "elapsed_minutes": 16.396816876283342,
      "selection_score_path": "training_results/model_selection_loop/D66_grouped_width320_lr6e-4_dropout0.075_s3tail60k_plateau_clip_smoothl1_seed7_20260611_084343_utc/selection_score.json",
      "weighted_score": 0.052491025115148374,
      "rejected": false,
      "true_hard_target_normalized_mae": 0.026222421415150167,
      "hard_label_normalized_mae": 0.024657979070280608,
      "hard_label_normalized_p95": 0.09092276615019028,
      "overall_normalized_mae": 0.019309649243950844,
      "overall_normalized_p95": 0.07591210305690765,
      "easy_target_normalized_mae_relative_change": -0.07176136749345863,
      "validation_normalized_mae": 0.019309649243950844,
      "blind_normalized_mae": 0.014242244884371758,
      "stress_normalized_mae": 0.013597589917480946,
      "S3_high_magnitude_mae": 8.974533081054688,
      "S3_high_magnitude_bias": -6.971489429473877,
      "S3_high_magnitude_slope": 0.6913002876457294,
      "S3_high_mean_abs_angle_error_deg": 4.461763858795166,
      "S3_high_p95_abs_angle_error_deg": 16.916364669799805,
      "B2_magnitude_mae": 0.0830380842089653,
      "B2_mean_abs_angle_error_deg": 4.437049388885498,
      "A3_magnitude_mae": 1.9274089336395264,
      "A3_mean_abs_angle_error_deg": 3.6209585666656494
    },
    {
      "job_id": "w320_plateau_clip_smoothl1_s3tail60k_torchseed23_splitseed7",
      "candidate_id": "D66_grouped_width320_lr6e-4_dropout0.075_s3tail60k_plateau_clip_smoothl1_seed23",
      "status": "complete",
      "returncode": 0,
      "elapsed_minutes": 16.541197218199994,
      "selection_score_path": "training_results/model_selection_loop/D66_grouped_width320_lr6e-4_dropout0.075_s3tail60k_plateau_clip_smoothl1_seed23_20260611_090007_utc/selection_score.json",
      "weighted_score": 0.05101536841489948,
      "rejected": false,
      "true_hard_target_normalized_mae": 0.02581103891134262,
      "hard_label_normalized_mae": 0.024092353092363246,
      "hard_label_normalized_p95": 0.08799666123321423,
      "overall_normalized_mae": 0.018998555839061737,
      "overall_normalized_p95": 0.07335954904556274,
      "easy_target_normalized_mae_relative_change": -0.08722703622388257,
      "validation_normalized_mae": 0.018998555839061737,
      "blind_normalized_mae": 0.01408402156084776,
      "stress_normalized_mae": 0.013408735394477844,
      "S3_high_magnitude_mae": 8.201061248779297,
      "S3_high_magnitude_bias": -6.3859076499938965,
      "S3_high_magnitude_slope": 0.7091327365257067,
      "S3_high_mean_abs_angle_error_deg": 4.391916751861572,
      "S3_high_p95_abs_angle_error_deg": 16.94594955444336,
      "B2_magnitude_mae": 0.07984599471092224,
      "B2_mean_abs_angle_error_deg": 4.548437118530273,
      "A3_magnitude_mae": 1.9669855833053589,
      "A3_mean_abs_angle_error_deg": 3.5195772647857666
    }
  ],
  "artifact_policy": {
    "push_large_artifacts": false,
    "allowed_artifacts": [
      "run_manifest_model_loop.json",
      "metrics_model_loop.json",
      "selection_score.json",
      "per_target_diagnostics.json",
      "vector_diagnostics.json",
      "model_registry_model_loop.csv",
      "training_history_summary.csv",
      "training_history_model_loop.png",
      "prediction_scatter_model_loop.png",
      "batch_manifest.json",
      "batch_summary.csv"
    ]
  }
}
