{
  "active_run": "v13_active_12d_hole_search_v4_dense_alignment_bridge_20260618_032829_utc",
  "n_v15": 4800,
  "n_v13_baseline": 4800,
  "n_matched_probe_ids": 4800,
  "v15": {
    "weighted_abs_error": {
      "n": 4800,
      "mae": 0.03622299792628231,
      "rmse": 0.043139498391143706,
      "median": 0.029873878695070744,
      "p95": 0.08057126440107826,
      "max": 0.31558188796043396
    },
    "overall_abs_error": {
      "n": 4800,
      "mae": 2.2238535007679214,
      "rmse": 2.7260906645089684,
      "median": 1.7570637464523315,
      "p95": 5.229077887535096,
      "max": 20.658344268798828
    },
    "C1_abs_error": {
      "n": 4800,
      "mae": 2.8836684784293176,
      "rmse": 4.241386775694974,
      "median": 2.0294008255004883,
      "p95": 8.284875679016116,
      "max": 35.39886474609375
    },
    "C3_abs_error": {
      "n": 4800,
      "mae": 0.01421300027364244,
      "rmse": 0.020913254748188104,
      "median": 0.010164152830839157,
      "p95": 0.040228223800659185,
      "max": 0.19687676429748535
    },
    "A1_vector_error": {
      "n": 4800,
      "mae": 3.5079614447573353,
      "rmse": 4.888841310202745,
      "median": 2.4515764713287354,
      "p95": 9.963871192932139,
      "max": 34.43889236450195
    },
    "B2_vector_error": {
      "n": 4800,
      "mae": 0.2099062914106859,
      "rmse": 0.2623995983750157,
      "median": 0.17328143119812012,
      "p95": 0.5066354840993882,
      "max": 1.5017515420913696
    },
    "A2_vector_error": {
      "n": 4800,
      "mae": 0.30800773896656514,
      "rmse": 0.3924300342948416,
      "median": 0.25169098377227783,
      "p95": 0.7160042226314548,
      "max": 3.5676827430725098
    },
    "S3_vector_error": {
      "n": 4800,
      "mae": 9.183758077006788,
      "rmse": 12.038321587102033,
      "median": 6.941609859466553,
      "p95": 24.41615800857545,
      "max": 82.2600326538086
    },
    "A3_vector_error": {
      "n": 4800,
      "mae": 5.521946069997891,
      "rmse": 7.476980160904137,
      "median": 4.079113721847534,
      "p95": 14.793426370620729,
      "max": 85.704345703125
    }
  },
  "v13": {
    "weighted_abs_error": {
      "n": 4800,
      "mae": 0.040937275333126306,
      "rmse": 0.048959256311778776,
      "median": 0.03263953514397144,
      "p95": 0.08609283044934274,
      "max": 0.35760223865509033
    },
    "overall_abs_error": {
      "n": 4800,
      "mae": 2.571845007504647,
      "rmse": 3.1896693967465892,
      "median": 1.9304461479187012,
      "p95": 5.937870025634766,
      "max": 24.287002563476562
    },
    "C1_abs_error": {
      "n": 4800,
      "mae": 2.6672699872357772,
      "rmse": 4.004769715917451,
      "median": 1.8123970031738281,
      "p95": 7.847826385498056,
      "max": 41.47270965576172
    },
    "C3_abs_error": {
      "n": 4800,
      "mae": 0.014618497017460565,
      "rmse": 0.01999638040498799,
      "median": 0.010757535696029663,
      "p95": 0.04030650295317174,
      "max": 0.12783217430114746
    },
    "A1_vector_error": {
      "n": 4800,
      "mae": 3.876012145488154,
      "rmse": 5.262532982857899,
      "median": 2.915899872779846,
      "p95": 10.495046567916871,
      "max": 43.639976501464844
    },
    "B2_vector_error": {
      "n": 4800,
      "mae": 0.21365113091664473,
      "rmse": 0.2649785621095981,
      "median": 0.17531175166368484,
      "p95": 0.5132741838693619,
      "max": 1.3690831661224365
    },
    "A2_vector_error": {
      "n": 4800,
      "mae": 0.3405688220166485,
      "rmse": 0.4322158908172006,
      "median": 0.2640298753976822,
      "p95": 0.8717698961496354,
      "max": 2.9014925956726074
    },
    "S3_vector_error": {
      "n": 4800,
      "mae": 12.371946133033683,
      "rmse": 17.655177682105524,
      "median": 7.648700714111328,
      "p95": 43.964629554748534,
      "max": 108.07600402832031
    },
    "A3_vector_error": {
      "n": 4800,
      "mae": 5.464211659671273,
      "rmse": 7.633527126554381,
      "median": 4.0233471393585205,
      "p95": 14.687486124038704,
      "max": 93.22309112548828
    }
  },
  "delta_weighted_abs_error": {
    "mean": -0.004714277406844,
    "median": -0.00021679513156414032,
    "worse_fraction": 0.49166666666666664,
    "better_fraction": 0.5083333333333333
  },
  "delta_overall_abs_error": {
    "mean": -0.3479915067367256,
    "median": -0.023330211639404297,
    "worse_fraction": 0.48375,
    "better_fraction": 0.51625
  },
  "delta_C1_abs_error": {
    "mean": 0.2163984911935404,
    "median": 0.16252517700195312,
    "worse_fraction": 0.5445833333333333,
    "better_fraction": 0.4554166666666667
  },
  "delta_C3_abs_error": {
    "mean": -0.00040549674381812415,
    "median": -0.0005957633256912231,
    "worse_fraction": 0.4691666666666667,
    "better_fraction": 0.5308333333333334
  },
  "delta_A1_vector_error": {
    "mean": -0.3680507007308188,
    "median": -0.09663185477256775,
    "worse_fraction": 0.47375,
    "better_fraction": 0.52625
  },
  "delta_B2_vector_error": {
    "mean": -0.0037448395059588315,
    "median": -0.004045628011226654,
    "worse_fraction": 0.48020833333333335,
    "better_fraction": 0.5197916666666667
  },
  "delta_A2_vector_error": {
    "mean": -0.03256108305008335,
    "median": -0.0027590319514274597,
    "worse_fraction": 0.49270833333333336,
    "better_fraction": 0.5072916666666667
  },
  "delta_S3_vector_error": {
    "mean": -3.188188056026896,
    "median": -0.2533681392669678,
    "worse_fraction": 0.47229166666666667,
    "better_fraction": 0.5277083333333333
  },
  "delta_A3_vector_error": {
    "mean": 0.05773441032661746,
    "median": 0.136275053024292,
    "worse_fraction": 0.5233333333333333,
    "better_fraction": 0.4766666666666667
  },
  "evaluation_summary": {
    "status": "complete",
    "n_probes": 4800,
    "nearest_neighbor_method": "sklearn",
    "weighted_error": {
      "median": 0.02987387776374817,
      "p90": 0.06418239325284958,
      "p95": 0.0805712342262268,
      "max": 0.31558188796043396
    },
    "nn_distance_12d": {
      "median": 0.8293377757072449,
      "p75": 0.9286048412322998,
      "p95": 1.057194471359253,
      "max": 1.2771695852279663
    },
    "correlation_weighted_error_vs_nn_distance": 0.3693350963222303,
    "spearman_weighted_error_vs_nn_distance": 0.4605280823379302,
    "failure_threshold_weighted_error": 0.06418239325284958,
    "sparse_threshold_nn_distance": 0.9286048412322998,
    "dense_threshold_nn_distance": 0.8293377757072449,
    "failure_class_counts": {
      "not_top_failure": 4320,
      "dense_model_feature_loss_failure": 120,
      "mixed_failure": 117,
      "coverage_limited_sparse_failure": 243
    },
    "top_failure_median_nn_distance": 0.930479496717453,
    "all_probe_median_nn_distance": 0.8293377757072449,
    "top_failure_table": "training_results/model_selection_reports/v15_active_hole_retest_20260620_082522_utc/v13_active_12d_hole_search_v4_dense_alignment_bridge_20260618_032829_utc/active_hole_search_top_failures.csv",
    "nn_error_table": "training_results/model_selection_reports/v15_active_hole_retest_20260620_082522_utc/v13_active_12d_hole_search_v4_dense_alignment_bridge_20260618_032829_utc/active_hole_nn_error_summary.csv",
    "regime_summary": "training_results/model_selection_reports/v15_active_hole_retest_20260620_082522_utc/v13_active_12d_hole_search_v4_dense_alignment_bridge_20260618_032829_utc/active_hole_regime_summary.csv",
    "relative_angle_summary": "training_results/model_selection_reports/v15_active_hole_retest_20260620_082522_utc/v13_active_12d_hole_search_v4_dense_alignment_bridge_20260618_032829_utc/active_hole_relative_angle_summary.csv",
    "hole_clusters": [
      {
        "cluster_id": 0,
        "method": "sklearn_kmeans",
        "n": 82,
        "median_weighted_error": 0.08415354043245316,
        "median_nn_distance_12d": 0.9347054064273834,
        "dominant_regime": "coupled_full_random",