split,metric,unit,magnitude_mae,magnitude_rmse,magnitude_bias,magnitude_slope,magnitude_r2,mean_abs_angle_error_deg,p95_abs_angle_error_deg
validation,A1,nm,0.34984514117240906,0.6456946134567261,0.15971004962921143,0.9867749637587114,0.9971467093102327,1.2398515939712524,4.895593643188477
validation,B2,um,0.02138221636414528,0.041749123483896255,0.0026769961696118116,0.9921588962150083,0.9978632193797411,1.2387402057647705,4.623525142669678
validation,A2,um,0.0542382150888443,0.10335741937160492,-0.0008348228293471038,0.9935329105567255,0.9996171625219549,0.4692564904689789,1.4348145723342896
validation,S3,um,1.063392162322998,2.4923622608184814,0.015493141487240791,0.9809031671065742,0.9958917355444398,0.9188171029090881,4.300140380859375
validation,A3,um,0.5508114099502563,1.0367591381072998,0.10649913549423218,0.9858900653108006,0.9984304444468837,1.0544184446334839,4.012925624847412
