{
  "batch_id": "v8b_frozen_defocus_confirmation",
  "run_id": "v8b_frozen_defocus_confirmation_20260614_042313_utc",
  "created_utc": "2026-06-14T05:47:03.264928+00:00",
  "status": "complete",
  "batch_config": "colab_worker_logs/model_selection_batch_v8b_frozen_defocus_confirmation_runtime.json",
  "max_runtime_minutes": 210.0,
  "estimated_minutes_per_job": 60.0,
  "walltime_safety_margin_minutes": 15.0,
  "jobs": [
    {
      "job_id": "v8b_frozen_d66_seed23",
      "candidate_id": "D66_grouped_width320_lr6e-4_dropout0.075_v8b_frozen_d66_seed23",
      "status": "complete",
      "returncode": 0,
      "elapsed_minutes": 26.990324537950013,
      "selection_score_path": "training_results/model_selection_loop/D66_grouped_width320_lr6e-4_dropout0.075_v8b_frozen_d66_seed23_20260614_042314_utc/selection_score.json",
      "weighted_score": 0.0366377102318578,
      "rejected": false,
      "true_hard_target_normalized_mae": 0.018527092412114143,
      "hard_label_normalized_mae": 0.018090681817669138,
      "hard_label_normalized_p95": 0.0634470393594641,
      "overall_normalized_mae": 0.013985180296003819,
      "overall_normalized_p95": 0.052456844598054886,
      "easy_target_normalized_mae_relative_change": 0.0,
      "C1_mae": 0.8919318914413452,
      "C1_rmse": 1.4713737964630127,
      "C1_p95_abs_error": 3.1141109466552734,
      "C1_bias": 0.0553165078163147,
      "C1_normalized_mae": 0.00891931913793087,
      "C1_normalized_p95_abs_error": 0.031141109764575958,
      "validation_normalized_mae": 0.013985180296003819,
      "validation_C1_mae": 1.792754888534546,
      "validation_C1_rmse": 2.914816379547119,
      "validation_C1_p95_abs_error": 5.8765997886657715,
      "validation_C1_bias": 0.2292623072862625,
      "validation_C1_normalized_mae": 0.01792754977941513,
      "validation_C1_normalized_p95_abs_error": 0.058765996247529984,
      "blind_normalized_mae": 0.010960858315229416,
      "blind_C1_mae": 1.2718461751937866,
      "blind_C1_rmse": 2.0584261417388916,
      "blind_C1_p95_abs_error": 4.209012031555176,
      "blind_C1_bias": 0.18860949575901031,
      "blind_C1_normalized_mae": 0.012718461453914642,
      "blind_C1_normalized_p95_abs_error": 0.042090121656656265,
      "stress_normalized_mae": 0.010209410451352596,
      "stress_C1_mae": 1.2097731828689575,
      "stress_C1_rmse": 2.321133852005005,
      "stress_C1_p95_abs_error": 4.987336158752441,
      "stress_C1_bias": 0.028153609484434128,
      "stress_C1_normalized_mae": 0.012097732163965702,
      "stress_C1_normalized_p95_abs_error": 0.049873363226652145,
      "S3_high_magnitude_mae": 6.109638690948486,
      "S3_high_magnitude_bias": -4.443100929260254,
      "S3_high_magnitude_slope": 0.812416315788721,
      "S3_high_mean_abs_angle_error_deg": 2.917630910873413,
      "S3_high_p95_abs_angle_error_deg": 8.974971771240234,
      "B2_magnitude_mae": 0.06352008879184723,
      "B2_mean_abs_angle_error_deg": 3.1767702102661133,
      "A3_magnitude_mae": 1.3807569742202759,
      "A3_mean_abs_angle_error_deg": 2.5268869400024414
    },
    {
      "job_id": "v8b_frozen_c1diff_full_seed23",
      "candidate_id": "D66_grouped_width320_lr6e-4_dropout0.075_v8b_frozen_c1diff_full_seed23",
      "status": "complete",
      "returncode": 0,
      "elapsed_minutes": 28.388449479250024,
      "selection_score_path": "training_results/model_selection_loop/D66_grouped_width320_lr6e-4_dropout0.075_v8b_frozen_c1diff_full_seed23_20260614_045013_utc/selection_score.json",
      "weighted_score": 0.036357190888016845,
      "rejected": false,
      "true_hard_target_normalized_mae": 0.01813179850578308,
      "hard_label_normalized_mae": 0.01805195242811281,
      "hard_label_normalized_p95": 0.0636647421006973,
      "overall_normalized_mae": 0.01381741277873516,
      "overall_normalized_p95": 0.051756687462329865,
      "easy_target_normalized_mae_relative_change": -0.0004889749831800613,
      "C1_mae": 0.8130364418029785,
      "C1_rmse": 1.3229542970657349,
      "C1_p95_abs_error": 2.695530891418457,
      "C1_bias": -0.008511317893862724,
      "C1_normalized_mae": 0.008130364120006561,
      "C1_normalized_p95_abs_error": 0.02695530839264393,
      "validation_normalized_mae": 0.01381741277873516,
      "validation_C1_mae": 1.6778815984725952,
      "validation_C1_rmse": 2.7644009590148926,
      "validation_C1_p95_abs_error": 5.330109596252441,
      "validation_C1_bias": 0.05079377815127373,
      "validation_C1_normalized_mae": 0.016778815537691116,
      "validation_C1_normalized_p95_abs_error": 0.053301095962524414,
      "blind_normalized_mae": 0.011316279880702496,
      "blind_C1_mae": 1.242019772529602,
      "blind_C1_rmse": 2.0100228786468506,
      "blind_C1_p95_abs_error": 4.124650478363037,
      "blind_C1_bias": -0.18934234976768494,
      "blind_C1_normalized_mae": 0.012420197948813438,
      "blind_C1_normalized_p95_abs_error": 0.041246503591537476,
      "stress_normalized_mae": 0.010504192672669888,
      "stress_C1_mae": 1.2610827684402466,
      "stress_C1_rmse": 2.723520517349243,
      "stress_C1_p95_abs_error": 4.624108791351318,
      "stress_C1_bias": 0.021791653707623482,
      "stress_C1_normalized_mae": 0.012610827572643757,
      "stress_C1_normalized_p95_abs_error": 0.04624108970165253,
      "S3_high_magnitude_mae": 5.779057025909424,
      "S3_high_magnitude_bias": -4.318144798278809,
      "S3_high_magnitude_slope": 0.8288086753370688,
      "S3_high_mean_abs_angle_error_deg": 2.879251480102539,
      "S3_high_p95_abs_angle_error_deg": 10.402411460876465,
      "B2_magnitude_mae": 0.05911632254719734,
      "B2_mean_abs_angle_error_deg": 3.4314591884613037,
      "A3_magnitude_mae": 1.4851738214492798,
      "A3_mean_abs_angle_error_deg": 2.482638120651245
    },
    {
      "job_id": "v8b_frozen_c1diff_full_seed7",
      "candidate_id": "D66_grouped_width320_lr6e-4_dropout0.075_v8b_frozen_c1diff_full_seed7",
      "status": "complete",
      "returncode": 0,
      "elapsed_minutes": 28.450852217733335,
      "selection_score_path": "training_results/model_selection_loop/D66_grouped_width320_lr6e-4_dropout0.075_v8b_frozen_c1diff_full_seed7_20260614_051836_utc/selection_score.json",
      "weighted_score": 0.036933075145531735,
      "rejected": false,
      "true_hard_target_normalized_mae": 0.018571835197508334,
      "hard_label_normalized_mae": 0.018271314248872492,
      "hard_label_normalized_p95": 0.06361424478773887,
      "overall_normalized_mae": 0.014093232341110706,
      "overall_normalized_p95": 0.05266229435801506,
      "easy_target_normalized_mae_relative_change": 0.014269700989174903,
      "C1_mae": 0.8693303465843201,
      "C1_rmse": 1.3780440092086792,
      "C1_p95_abs_error": 2.82616925239563,
      "C1_bias": 0.20145925879478455,
      "C1_normalized_mae": 0.008693303912878036,
      "C1_normalized_p95_abs_error": 0.028261693194508553,
      "validation_normalized_mae": 0.014093232341110706,
      "validation_C1_mae": 1.7945094108581543,
      "validation_C1_rmse": 2.760366439819336,
      "validation_C1_p95_abs_error": 5.762834548950195,
      "validation_C1_bias": 0.29796597361564636,
      "validation_C1_normalized_mae": 0.017945094034075737,
      "validation_C1_normalized_p95_abs_error": 0.05762834474444389,
      "blind_normalized_mae": 0.011424113996326923,
      "blind_C1_mae": 1.2916182279586792,
      "blind_C1_rmse": 2.0383574962615967,
      "blind_C1_p95_abs_error": 4.072114944458008,
      "blind_C1_bias": -0.021556725725531578,
      "blind_C1_normalized_mae": 0.012916182167828083,
      "blind_C1_normalized_p95_abs_error": 0.04072114825248718,
      "stress_normalized_mae": 0.01076529547572136,
      "stress_C1_mae": 1.331478476524353,
      "stress_C1_rmse": 2.7516751289367676,
      "stress_C1_p95_abs_error": 5.009973049163818,
      "stress_C1_bias": 0.22936353087425232,
      "stress_C1_normalized_mae": 0.01331478450447321,