{
  "batch_id": "v5_s3tail_logging_s3magloss",
  "run_id": "v5_s3tail_logging_s3magloss_20260612_033745_utc",
  "created_utc": "2026-06-12T04:17:34.916305+00:00",
  "status": "complete",
  "batch_config": "colab_worker_logs/model_selection_batch_v5_logging_s3magloss_runtime.json",
  "max_runtime_minutes": 170.0,
  "estimated_minutes_per_job": 18.0,
  "walltime_safety_margin_minutes": 10.0,
  "jobs": [
    {
      "job_id": "v5_champion_logging_reference_seed23",
      "candidate_id": "D66_grouped_width320_lr6e-4_dropout0.075_s3tail60k_logging_ref_seed23",
      "status": "complete",
      "returncode": 0,
      "elapsed_minutes": 13.249348547183338,
      "selection_score_path": "training_results/model_selection_loop/D66_grouped_width320_lr6e-4_dropout0.075_s3tail60k_logging_ref_seed23_20260612_033746_utc/selection_score.json",
      "weighted_score": 0.05101536841489948,
      "rejected": false,
      "true_hard_target_normalized_mae": 0.02581103891134262,
      "hard_label_normalized_mae": 0.024092353092363246,
      "hard_label_normalized_p95": 0.08799666123321423,
      "overall_normalized_mae": 0.018998555839061737,
      "overall_normalized_p95": 0.07335954904556274,
      "easy_target_normalized_mae_relative_change": 0.0,
      "validation_normalized_mae": 0.018998555839061737,
      "blind_normalized_mae": 0.01408402156084776,
      "stress_normalized_mae": 0.013408735394477844,
      "S3_high_magnitude_mae": 8.201061248779297,
      "S3_high_magnitude_bias": -6.3859076499938965,
      "S3_high_magnitude_slope": 0.7091327365257067,
      "S3_high_mean_abs_angle_error_deg": 4.391916751861572,
      "S3_high_p95_abs_angle_error_deg": 16.94594955444336,
      "B2_magnitude_mae": 0.07984599471092224,
      "B2_mean_abs_angle_error_deg": 4.548437118530273,
      "A3_magnitude_mae": 1.9669855833053589,
      "A3_mean_abs_angle_error_deg": 3.5195772647857666
    },
    {
      "job_id": "v5_s3magloss_w0p05_seed23",
      "candidate_id": "D66_grouped_width320_lr6e-4_dropout0.075_s3tail60k_s3magloss_w0p05_seed23",
      "status": "complete",
      "returncode": 0,
      "elapsed_minutes": 13.291340940233324,
      "selection_score_path": "training_results/model_selection_loop/D66_grouped_width320_lr6e-4_dropout0.075_s3tail60k_s3magloss_w0p05_seed23_20260612_035101_utc/selection_score.json",
      "weighted_score": 0.052001985589472145,
      "rejected": false,
      "true_hard_target_normalized_mae": 0.02620913237333298,
      "hard_label_normalized_mae": 0.024409396502260983,
      "hard_label_normalized_p95": 0.08897271967278077,
      "overall_normalized_mae": 0.019212661311030388,
      "overall_normalized_p95": 0.07466599345207214,
      "easy_target_normalized_mae_relative_change": 0.0058504978289244895,
      "validation_normalized_mae": 0.019212661311030388,
      "blind_normalized_mae": 0.014345446601510048,
      "stress_normalized_mae": 0.013686676509678364,
      "S3_high_magnitude_mae": 8.295782089233398,
      "S3_high_magnitude_bias": -6.374044895172119,
      "S3_high_magnitude_slope": 0.7401017883680011,
      "S3_high_mean_abs_angle_error_deg": 4.952138423919678,
      "S3_high_p95_abs_angle_error_deg": 17.232484817504883,
      "B2_magnitude_mae": 0.08198005706071854,
      "B2_mean_abs_angle_error_deg": 4.318434238433838,
      "A3_magnitude_mae": 1.9409801959991455,
      "A3_mean_abs_angle_error_deg": 3.55025053024292
    },
    {
      "job_id": "v5_s3magloss_w0p10_seed23",
      "candidate_id": "D66_grouped_width320_lr6e-4_dropout0.075_s3tail60k_s3magloss_w0p10_seed23",
      "status": "complete",
      "returncode": 0,
      "elapsed_minutes": 13.276691634983338,
      "selection_score_path": "training_results/model_selection_loop/D66_grouped_width320_lr6e-4_dropout0.075_s3tail60k_s3magloss_w0p10_seed23_20260612_040418_utc/selection_score.json",
      "weighted_score": 0.05352570593285446,
      "rejected": false,
      "true_hard_target_normalized_mae": 0.02631191536784172,
      "hard_label_normalized_mae": 0.024638877286074255,
      "hard_label_normalized_p95": 0.09214532704880604,
      "overall_normalized_mae": 0.01938922144472599,
      "overall_normalized_p95": 0.07543054968118668,
      "easy_target_normalized_mae_relative_change": 0.022072678903797507,
      "validation_normalized_mae": 0.01938922144472599,
      "blind_normalized_mae": 0.01425772812217474,
      "stress_normalized_mae": 0.013644143007695675,
      "S3_high_magnitude_mae": 8.194835662841797,
      "S3_high_magnitude_bias": -6.299746036529541,
      "S3_high_magnitude_slope": 0.7654083122287285,
      "S3_high_mean_abs_angle_error_deg": 4.187154293060303,
      "S3_high_p95_abs_angle_error_deg": 16.38555908203125,
      "B2_magnitude_mae": 0.08503739535808563,
      "B2_mean_abs_angle_error_deg": 4.508037567138672,
      "A3_magnitude_mae": 1.9627251625061035,
      "A3_mean_abs_angle_error_deg": 3.6005637645721436
    }
  ],
  "artifact_policy": {
    "push_large_artifacts": false,
    "allowed_artifacts": [
      "run_manifest_model_loop.json",
      "metrics_model_loop.json",
      "selection_score.json",
      "per_target_diagnostics.json",
      "vector_diagnostics.json",
      "s3_magnitude_metric_audit_validation.csv",
      "model_registry_model_loop.csv",
      "training_history_summary.csv",
      "training_history_model_loop.png",
      "prediction_scatter_model_loop.png",
      "batch_manifest.json",
      "batch_summary.csv",
      "s3_magnitude_metric_audit_*.md",
      "training_validation_loss_gap_audit_*.md"
    ]
  }
}
