{
  "created_utc": "2026-06-12T05:10:34.442563+00:00",
  "csv_path": "/content/Aberration-Simulation/training_results/feature_regression_enhanced/enhanced_v5_s3_tail60k_20260612_050717_utc/training_features_enhanced.csv",
  "csv_sha256": "e073123a1fac3bca9dbfac0667128f01d89e4f7d336b4cf24fad12c58c43c98d",
  "n_rows": 57446,
  "field_count": 193,
  "s3_vector_scale": 90.73979949951172,
  "high_bin_fraction": 0.7,
  "high_s3_threshold": 63.5178596496582,
  "n_high_s3": 23929,
  "feature_stats": {
    "Eq43_S3_value_magnitude": {
      "n": 57446,
      "pearson_corr": 0.8020157718634259,
      "spearman_corr": 0.8263675663763176,
      "linear_feature_vs_true_s3_overall": {
        "n": 57446,
        "slope": 0.040091713833278,
        "intercept": 0.2551018892470731,
        "r2": 0.643229298317689
      },
      "linear_feature_vs_true_s3_high_s3": {
        "n": 23929,
        "slope": 0.038775496015218146,
        "intercept": 0.40049406951988276,
        "r2": 0.06607840175530422
      },
      "high_s3_threshold": 63.5178596496582,
      "mean_feature_low_or_medium_s3": 0.7474984462188338,
      "mean_feature_high_s3": 3.572912967333401,
      "std_feature_high_s3": 1.58623528938667,
      "high_to_low_mean_ratio": 4.779826550287099
    },
    "over_Mu_h2_magnitude": {
      "n": 57446,
      "pearson_corr": -0.21409829292759314,
      "spearman_corr": -0.20119167739004334,
      "linear_feature_vs_true_s3_overall": {
        "n": 57446,
        "slope": -0.018944825110900523,
        "intercept": 2.668414900078699,
        "r2": 0.045838079034509316
      },
      "linear_feature_vs_true_s3_high_s3": {
        "n": 23929,
        "slope": -0.0014943801268570906,
        "intercept": 1.189936766970274,
        "r2": 3.87857869514896e-05
      },
      "high_s3_threshold": 63.5178596496582,
      "mean_feature_low_or_medium_s3": 2.4592647358931345,
      "mean_feature_high_s3": 1.0676739917088625,
      "std_feature_high_s3": 2.5232761932099455,
      "high_to_low_mean_ratio": 0.4341435762423837
    },
    "over_Rho_h2_magnitude": {
      "n": 57446,
      "pearson_corr": 0.810937568736583,
      "spearman_corr": 0.8223857579251863,
      "linear_feature_vs_true_s3_overall": {
        "n": 57446,
        "slope": 0.020364541487803377,
        "intercept": 0.20769431531534643,
        "r2": 0.6576197403884017
      },
      "linear_feature_vs_true_s3_high_s3": {
        "n": 23929,
        "slope": 0.020394230526958896,
        "intercept": 0.22215038059060743,
        "r2": 0.08116780317767847
      },
      "high_s3_threshold": 63.5178596496582,
      "mean_feature_low_or_medium_s3": 0.4594254671781694,
      "mean_feature_high_s3": 1.8907052407192166,
      "std_feature_high_s3": 0.7527581022292851,
      "high_to_low_mean_ratio": 4.11536872602732
    },
    "over_Xigma_h2_magnitude": {
      "n": 57446,
      "pearson_corr": 0.5150538108067799,
      "spearman_corr": 0.5685196966179096,
      "linear_feature_vs_true_s3_overall": {
        "n": 57446,
        "slope": 0.010095161629659982,
        "intercept": 0.3021904515571744,
        "r2": 0.26528042802658736
      },
      "linear_feature_vs_true_s3_high_s3": {
        "n": 23929,
        "slope": 0.011954486438109129,
        "intercept": 0.16536577674312958,
        "r2": 0.027959079679685694
      },
      "high_s3_threshold": 63.5178596496582,
      "mean_feature_low_or_medium_s3": 0.4220347038416098,
      "mean_feature_high_s3": 1.1434226061136317,
      "std_feature_high_s3": 0.7518124240266427,
      "high_to_low_mean_ratio": 2.7093093734056195
    },
    "under_Mu_h2_magnitude": {
      "n": 57446,
      "pearson_corr": -0.2109618094502223,
      "spearman_corr": -0.22106972910079004,
      "linear_feature_vs_true_s3_overall": {
        "n": 57446,
        "slope": -0.020013457368800596,
        "intercept": 3.0496227054106297,
        "r2": 0.044504885046511955
      },
      "linear_feature_vs_true_s3_high_s3": {
        "n": 23929,
        "slope": -0.002581036709277908,
        "intercept": 1.5269059042181927,
        "r2": 9.168370640122436e-05
      },
      "high_s3_threshold": 63.5178596496582,
      "mean_feature_low_or_medium_s3": 2.8592667326821553,
      "mean_feature_high_s3": 1.315738273267706,
      "std_feature_high_s3": 2.8345760354095955,
      "high_to_low_mean_ratio": 0.46016632643146427
    },
    "under_Rho_h2_magnitude": {
      "n": 57446,
      "pearson_corr": 0.7408609052647532,
      "spearman_corr": 0.7585486637041763,
      "linear_feature_vs_true_s3_overall": {
        "n": 57446,
        "slope": 0.01933798468423909,
        "intercept": 0.2335114632046694,
        "r2": 0.5488748809497106
      },
      "linear_feature_vs_true_s3_high_s3": {
        "n": 23929,
        "slope": 0.01929852806639018,
        "intercept": 0.25052871390326636,
        "r2": 0.05509912270424877
      },
      "high_s3_threshold": 63.5178596496582,
      "mean_feature_low_or_medium_s3": 0.4741557422256452,
      "mean_feature_high_s3": 1.8294386294275629,
      "std_feature_high_s3": 0.8645534623791925,
      "high_to_low_mean_ratio": 3.858307361748412
    },
    "under_Xigma_h2_magnitude": {
      "n": 57446,
      "pearson_corr": 0.595139230443845,
      "spearman_corr": 0.6348124254032514,
      "linear_feature_vs_true_s3_overall": {
        "n": 57446,
        "slope": 0.011592451791713398,
        "intercept": 0.36105581699293926,
        "r2": 0.3541907036132931
      },
      "linear_feature_vs_true_s3_high_s3": {
        "n": 23929,
        "slope": 0.013801684096460695,
        "intercept": 0.18295994451281158,
        "r2": 0.05022440539313677
      },
      "high_s3_threshold": 63.5178596496582,
      "mean_feature_low_or_medium_s3": 0.5093214240416404,
      "mean_feature_high_s3": 1.3121453308733129,
      "std_feature_high_s3": 0.6476117075766741,
      "high_to_low_mean_ratio": 2.5762617537239483
    },
    "under_minus_over_Mu_h2_magnitude": {
      "n": 57446,
      "pearson_corr": -0.06798959916086414,
      "spearman_corr": -0.11102298854051107,
      "linear_feature_vs_true_s3_overall": {
        "n": 57446,
        "slope": -0.001593864976266108,
        "intercept": 0.5555787266446988,
        "r2": 0.004622585594054707
      },
      "linear_feature_vs_true_s3_high_s3": {
        "n": 23929,
        "slope": -0.0007485801931699233,
        "intercept": 0.4292216084607989,
        "r2": 9.351681215619134e-05
      },
      "high_s3_threshold": 63.5178596496582,
      "mean_feature_low_or_medium_s3": 0.5757702992562158,
      "mean_feature_high_s3": 0.36797648730466703,
      "std_feature_high_s3": 0.8140170386026198,
      "high_to_low_mean_ratio": 0.6391029224484007
    },
    "under_minus_over_Rho_h2_magnitude": {
      "n": 57446,
      "pearson_corr": 0.8020157718634259,
      "spearman_corr": 0.8263675613748335,
      "linear_feature_vs_true_s3_overall": {
        "n": 57446,
        "slope": 0.040091713833278,
        "intercept": 0.2551018892470731,
        "r2": 0.643229298317689
      },
      "linear_feature_vs_true_s3_high_s3": {
        "n": 23929,
        "slope": 0.038775496015218146,
        "intercept": 0.4004940695198825,
        "r2": 0.06607840175530422
      },
      "high_s3_threshold": 63.5178596496582,
      "mean_feature_low_or_medium_s3": 0.7474984462188339,
      "mean_feature_high_s3": 3.572912967333401,
      "std_feature_high_s3": 1.58623528938667,
      "high_to_low_mean_ratio": 4.779826550287099
    },
    "under_minus_over_Xigma_h2_magnitude": {
      "n": 57446,
      "pearson_corr": 0.551269435583687,
      "spearman_corr": 0.6091626266274331,
      "linear_feature_vs_true_s3_overall": {
        "n": 57446,
        "slope": 0.021444398066851406,
        "intercept": 0.6390415229831754,
        "r2": 0.303897990608758
      },
      "linear_feature_vs_true_s3_high_s3": {
        "n": 23929,
        "slope": 0.02546070070142269,
        "intercept": 0.33086360751936805,
        "r2": 0.036136215159335516
      },