distribution,method,n_query,p1,p5,median,p95,p99,max
training_only_to_training_only_excluding_self,sklearn,75000,0.0037418920546770096,0.00924005564302206,0.15398266911506653,1.2118270039558412,1.3496688210964203,1.596114158630371
parent_to_new_training_only,sklearn,500000,0.004067103969864547,0.011523929797112942,0.21352753043174744,1.2368646740913392,1.3638515186309816,1.6905447244644165
validation_to_v9_parent_train,sklearn,26977,0.0015473436145111918,0.004197763651609421,0.11444716900587082,0.9910881161689755,1.1036229085922238,1.3242603540420532
validation_to_v11_full_train,sklearn,26977,0.0015473436145111918,0.004197763651609421,0.11444716900587082,0.9910881161689755,1.1036229085922238,1.3242603540420532
blind_to_v9_parent_train,sklearn,27370,0.0015680625999812037,0.004380883881822228,0.12266122177243233,0.9841407448053359,1.0928026449680337,1.3168811798095703
blind_to_v11_full_train,sklearn,27370,0.0015680625999812037,0.004380883881822228,0.12266122177243233,0.9841407448053359,1.0928026449680337,1.3168811798095703
stress_to_v9_parent_train,sklearn,28097,0.0016381710628047585,0.004414715431630612,0.12782429158687592,1.0213456869125364,1.129180192947388,1.3494067192077637
stress_to_v11_full_train,sklearn,28097,0.0016381710628047585,0.004414715431630612,0.12782429158687592,1.0213456869125364,1.129180192947388,1.3494067192077637
