{
  "active_run": "v13_active_12d_hole_search_v2_focused_sparse_20260618_030707_utc",
  "n_v15": 3790,
  "n_v13_baseline": 3790,
  "n_matched_probe_ids": 3790,
  "v15": {
    "weighted_abs_error": {
      "n": 3790,
      "mae": 0.0313449226755349,
      "rmse": 0.03875880339814863,
      "median": 0.025172934867441654,
      "p95": 0.07514804825186729,
      "max": 0.24230027198791504
    },
    "overall_abs_error": {
      "n": 3790,
      "mae": 1.9564354344199861,
      "rmse": 2.4733311564455382,
      "median": 1.5257108211517334,
      "p95": 4.806932497024531,
      "max": 16.034645080566406
    },
    "C1_abs_error": {
      "n": 3790,
      "mae": 2.695566763742618,
      "rmse": 4.1297481384142145,
      "median": 1.6466751098632812,
      "p95": 8.628266906738277,
      "max": 45.15555953979492
    },
    "C3_abs_error": {
      "n": 3790,
      "mae": 0.01401217393282221,
      "rmse": 0.02073929483971703,
      "median": 0.009481310844421387,
      "p95": 0.04552725553512566,
      "max": 0.19485890865325928
    },
    "A1_vector_error": {
      "n": 3790,
      "mae": 2.682401596634872,
      "rmse": 3.8737948312772503,
      "median": 1.8674046397209167,
      "p95": 7.913432383537286,
      "max": 39.80219650268555
    },
    "B2_vector_error": {
      "n": 3790,
      "mae": 0.16550996987361677,
      "rmse": 0.2182431540938914,
      "median": 0.12385648116469383,
      "p95": 0.48306885510683056,
      "max": 1.0991781949996948
    },
    "A2_vector_error": {
      "n": 3790,
      "mae": 0.2935791042572229,
      "rmse": 0.3940672941472046,
      "median": 0.2177538126707077,
      "p95": 0.8510397315025324,
      "max": 2.5208497047424316
    },
    "S3_vector_error": {
      "n": 3790,
      "mae": 8.68177291846055,
      "rmse": 11.734326477001112,
      "median": 6.105133533477783,
      "p95": 24.019004917144755,
      "max": 57.437625885009766
    },
    "A3_vector_error": {
      "n": 3790,
      "mae": 4.549605254117291,
      "rmse": 6.315588950533239,
      "median": 3.362653613090515,
      "p95": 12.717043066024779,
      "max": 47.40972900390625
    }
  },
  "v13": {
    "weighted_abs_error": {
      "n": 3790,
      "mae": 0.059963494357603814,
      "rmse": 0.10218377292730074,
      "median": 0.029183479957282543,
      "p95": 0.3102699160575865,
      "max": 0.41623207926750183
    },
    "overall_abs_error": {
      "n": 3790,
      "mae": 3.834964096227705,
      "rmse": 6.637764769614959,
      "median": 1.8103888630867004,
      "p95": 20.129602718353265,
      "max": 28.305635452270508
    },
    "C1_abs_error": {
      "n": 3790,
      "mae": 3.957718092479834,
      "rmse": 6.346485537468215,
      "median": 2.086397171020508,
      "p95": 15.664765167236318,
      "max": 80.4208984375
    },
    "C3_abs_error": {
      "n": 3790,
      "mae": 0.016968604288307217,
      "rmse": 0.024032283380663516,
      "median": 0.012238085269927979,
      "p95": 0.048623443394899345,
      "max": 0.3587501049041748
    },
    "A1_vector_error": {
      "n": 3790,
      "mae": 6.561509557355854,
      "rmse": 13.24381662043895,
      "median": 2.1693750619888306,
      "p95": 41.06440086364745,
      "max": 55.431182861328125
    },
    "B2_vector_error": {
      "n": 3790,
      "mae": 0.27894310280696016,
      "rmse": 0.4626709807078182,
      "median": 0.15161575376987457,
      "p95": 1.4196840107440947,
      "max": 1.7859910726547241
    },
    "A2_vector_error": {
      "n": 3790,
      "mae": 0.33402340370554434,
      "rmse": 0.4423464427080977,
      "median": 0.2466529905796051,
      "p95": 1.033183258771896,
      "max": 3.1223254203796387
    },
    "S3_vector_error": {
      "n": 3790,
      "mae": 14.692573842638243,
      "rmse": 22.906329095635602,
      "median": 7.883579969406128,
      "p95": 63.84044113159178,
      "max": 135.63963317871094
    },
    "A3_vector_error": {
      "n": 3790,
      "mae": 10.549099457566689,
      "rmse": 20.74411571304527,
      "median": 4.097811937332153,
      "p95": 61.7073060989379,
      "max": 104.10733795166016
    }
  },
  "delta_weighted_abs_error": {
    "mean": -0.02861857168206891,
    "median": -6.615463644266129e-05,
    "worse_fraction": 0.49709762532981533,
    "better_fraction": 0.5029023746701847
  },
  "delta_overall_abs_error": {
    "mean": -1.8785286618077188,
    "median": -0.012706398963928223,
    "worse_fraction": 0.49129287598944593,
    "better_fraction": 0.5087071240105541
  },
  "delta_C1_abs_error": {
    "mean": -1.262151328737216,
    "median": -0.17685914039611816,
    "worse_fraction": 0.46121372031662267,
    "better_fraction": 0.5387862796833773
  },
  "delta_C3_abs_error": {
    "mean": -0.0029564303554850077,
    "median": -0.0013308227062225342,
    "worse_fraction": 0.44907651715039576,
    "better_fraction": 0.5509234828496042
  },
  "delta_A1_vector_error": {
    "mean": -3.8791079607209813,
    "median": -0.055767953395843506,
    "worse_fraction": 0.47968337730870714,
    "better_fraction": 0.5203166226912929
  },
  "delta_B2_vector_error": {
    "mean": -0.11343313293334338,
    "median": -0.005986303091049194,
    "worse_fraction": 0.4704485488126649,
    "better_fraction": 0.529551451187335
  },
  "delta_A2_vector_error": {
    "mean": -0.04044429944832146,
    "median": -0.005287280306220055,
    "worse_fraction": 0.4905013192612137,
    "better_fraction": 0.5094986807387862
  },
  "delta_S3_vector_error": {
    "mean": -6.010800924177692,
    "median": -0.4057585597038269,
    "worse_fraction": 0.45382585751978893,
    "better_fraction": 0.5461741424802111
  },
  "delta_A3_vector_error": {
    "mean": -5.999494203449396,
    "median": -0.23286491632461548,
    "worse_fraction": 0.4525065963060686,
    "better_fraction": 0.5474934036939314
  },
  "evaluation_summary": {
    "status": "complete",
    "n_probes": 3790,
    "nearest_neighbor_method": "sklearn",
    "weighted_error": {
      "median": 0.02517293393611908,
      "p90": 0.062331635504961014,
      "p95": 0.07514804601669312,
      "max": 0.24230027198791504
    },
    "nn_distance_12d": {
      "median": 0.7494769096374512,
      "p75": 0.8351954221725464,
      "p95": 1.0247063636779785,
      "max": 1.2862663269042969
    },
    "correlation_weighted_error_vs_nn_distance": 0.4780321212672324,
    "spearman_weighted_error_vs_nn_distance": 0.5517617637821448,
    "failure_threshold_weighted_error": 0.062331635504961014,
    "sparse_threshold_nn_distance": 0.8351954221725464,
    "dense_threshold_nn_distance": 0.7494769096374512,
    "failure_class_counts": {
      "not_top_failure": 3411,
      "coverage_limited_sparse_failure": 197,
      "mixed_failure": 95,
      "dense_model_feature_loss_failure": 87
    },
    "top_failure_median_nn_distance": 0.8462730050086975,
    "all_probe_median_nn_distance": 0.7494769096374512,
    "top_failure_table": "training_results/model_selection_reports/v15_active_hole_retest_20260620_082522_utc/v13_active_12d_hole_search_v2_focused_sparse_20260618_030707_utc/active_hole_search_top_failures.csv",
    "nn_error_table": "training_results/model_selection_reports/v15_active_hole_retest_20260620_082522_utc/v13_active_12d_hole_search_v2_focused_sparse_20260618_030707_utc/active_hole_nn_error_summary.csv",
    "regime_summary": "training_results/model_selection_reports/v15_active_hole_retest_20260620_082522_utc/v13_active_12d_hole_search_v2_focused_sparse_20260618_030707_utc/active_hole_regime_summary.csv",
    "relative_angle_summary": "training_results/model_selection_reports/v15_active_hole_retest_20260620_082522_utc/v13_active_12d_hole_search_v2_focused_sparse_20260618_030707_utc/active_hole_relative_angle_summary.csv",
    "hole_clusters": [
      {
        "cluster_id": 0,
        "method": "sklearn_kmeans",
        "n": 120,
        "median_weighted_error": 0.0712134838104248,
        "median_nn_distance_12d": 0.7680754363536835,
        "dominant_regime": "coupled_full_random",