{
  "batch_id": "v3_optimizer_stability_batch",
  "run_id": "v3_optimizer_stability_batch_20260610_073051_utc",
  "created_utc": "2026-06-10T07:30:51.683283+00:00",
  "status": "complete",
  "batch_config": "configs/model_selection_batch_live.json",
  "max_runtime_minutes": 70.0,
  "estimated_minutes_per_job": 14.0,
  "walltime_safety_margin_minutes": 8.0,
  "jobs": [
    {
      "job_id": "w320_seeded_fullbatch_mse_seed7",
      "candidate_id": "D66_grouped_width320_lr6e-4_dropout0.075_targeted25k_seeded_fullbatch_mse",
      "status": "skipped_completed",
      "selection_score_path": "training_results/model_selection_loop/D66_grouped_width320_lr6e-4_dropout0.075_targeted25k_seeded_fullbatch_mse_20260610_065206_utc/selection_score.json",
      "weighted_score": 0.060030512121291124,
      "rejected": false,
      "true_hard_target_normalized_mae": 0.029955491423606873,
      "hard_label_normalized_mae": 0.02839852278479017,
      "hard_label_normalized_p95": 0.10348586265284283,
      "overall_normalized_mae": 0.022169383242726326,
      "overall_normalized_p95": 0.08624041080474854,
      "easy_target_normalized_mae_relative_change": 0.009128877718240438,
      "validation_normalized_mae": 0.022169383242726326,
      "blind_normalized_mae": 0.015796389430761337,
      "stress_normalized_mae": 0.016333919018507004,
      "S3_high_magnitude_mae": 10.619291305541992,
      "S3_high_magnitude_bias": -8.142820358276367,
      "S3_high_magnitude_slope": 0.6677060964489826,
      "S3_high_mean_abs_angle_error_deg": 6.352575302124023,
      "S3_high_p95_abs_angle_error_deg": 24.495697021484375,
      "B2_magnitude_mae": 0.09198884665966034,
      "B2_mean_abs_angle_error_deg": 5.188474178314209,
      "A3_magnitude_mae": 2.3224258422851562,
      "A3_mean_abs_angle_error_deg": 4.168545246124268
    },
    {
      "job_id": "w320_plateau_clip_mse_seed7",
      "candidate_id": "D66_grouped_width320_lr6e-4_dropout0.075_targeted25k_plateau_clip_mse",
      "status": "skipped_completed",
      "selection_score_path": "training_results/model_selection_loop/D66_grouped_width320_lr6e-4_dropout0.075_targeted25k_plateau_clip_mse_20260610_070127_utc/selection_score.json",
      "weighted_score": 0.05859598682691844,
      "rejected": false,
      "true_hard_target_normalized_mae": 0.029340136051177978,
      "hard_label_normalized_mae": 0.02790859796536656,
      "hard_label_normalized_p95": 0.10068066776371919,
      "overall_normalized_mae": 0.02179555781185627,
      "overall_normalized_p95": 0.08414524793624878,
      "easy_target_normalized_mae_relative_change": -0.003102601435603384,
      "validation_normalized_mae": 0.02179555781185627,
      "blind_normalized_mae": 0.015657778829336166,
      "stress_normalized_mae": 0.016232166439294815,
      "S3_high_magnitude_mae": 10.447769165039062,
      "S3_high_magnitude_bias": -8.2609281539917,
      "S3_high_magnitude_slope": 0.6904635802860525,
      "S3_high_mean_abs_angle_error_deg": 5.97135591506958,
      "S3_high_p95_abs_angle_error_deg": 21.60125732421875,
      "B2_magnitude_mae": 0.0910184234380722,
      "B2_mean_abs_angle_error_deg": 5.013960838317871,
      "A3_magnitude_mae": 2.2807018756866455,
      "A3_mean_abs_angle_error_deg": 4.1084723472595215
    },
    {
      "job_id": "w320_plateau_clip_smoothl1_seed7",
      "candidate_id": "D66_grouped_width320_lr6e-4_dropout0.075_targeted25k_plateau_clip_smoothl1",
      "status": "skipped_completed",
      "selection_score_path": "training_results/model_selection_loop/D66_grouped_width320_lr6e-4_dropout0.075_targeted25k_plateau_clip_smoothl1_20260610_071108_utc/selection_score.json",
      "weighted_score": 0.05567891693315827,
      "rejected": false,
      "true_hard_target_normalized_mae": 0.02769742123782635,
      "hard_label_normalized_mae": 0.026387245895770885,
      "hard_label_normalized_p95": 0.09541483495671016,
      "overall_normalized_mae": 0.020572364330291748,
      "overall_normalized_p95": 0.079831562936306,
      "easy_target_normalized_mae_relative_change": -0.05921866195345367,
      "validation_normalized_mae": 0.020572364330291748,
      "blind_normalized_mae": 0.015092756599187851,
      "stress_normalized_mae": 0.015357734635472298,
      "S3_high_magnitude_mae": 9.54025936126709,
      "S3_high_magnitude_bias": -7.682642936706543,
      "S3_high_magnitude_slope": 0.7208754515704693,
      "S3_high_mean_abs_angle_error_deg": 5.484124660491943,
      "S3_high_p95_abs_angle_error_deg": 23.400314331054688,
      "B2_magnitude_mae": 0.08870673924684525,
      "B2_mean_abs_angle_error_deg": 4.927896976470947,
      "A3_magnitude_mae": 2.153557538986206,
      "A3_mean_abs_angle_error_deg": 3.827803611755371
    },
    {
      "job_id": "w320_minibatch4096_plateau_clip_mse_seed7",
      "candidate_id": "D66_grouped_width320_lr6e-4_dropout0.075_targeted25k_minibatch4096_plateau_clip_mse",
      "status": "skipped_completed",
      "selection_score_path": "training_results/model_selection_loop/D66_grouped_width320_lr6e-4_dropout0.075_targeted25k_minibatch4096_plateau_clip_mse_20260610_072047_utc/selection_score.json",
      "weighted_score": 0.059664207828732635,
      "rejected": false,
      "true_hard_target_normalized_mae": 0.029348566383123397,
      "hard_label_normalized_mae": 0.027963901296831094,
      "hard_label_normalized_p95": 0.1038392514276963,
      "overall_normalized_mae": 0.02178153581917286,
      "overall_normalized_p95": 0.08545464277267456,
      "easy_target_normalized_mae_relative_change": -0.004929199946165939,
      "validation_normalized_mae": 0.02178153581917286,
      "blind_normalized_mae": 0.015852227807044983,
      "stress_normalized_mae": 0.01614205352962017,
      "S3_high_magnitude_mae": 10.332356452941895,
      "S3_high_magnitude_bias": -8.66893196105957,
      "S3_high_magnitude_slope": 0.7160055077303682,
      "S3_high_mean_abs_angle_error_deg": 6.1685686111450195,
      "S3_high_p95_abs_angle_error_deg": 18.986862182617188,
      "B2_magnitude_mae": 0.09317395091056824,
      "B2_mean_abs_angle_error_deg": 5.083588600158691,
      "A3_magnitude_mae": 2.278740406036377,
      "A3_mean_abs_angle_error_deg": 4.054271697998047
    }
  ],
  "artifact_policy": {
    "push_large_artifacts": false,
    "allowed_artifacts": [
      "run_manifest_model_loop.json",
      "metrics_model_loop.json",
      "selection_score.json",
      "per_target_diagnostics.json",
      "vector_diagnostics.json",
      "model_registry_model_loop.csv",
      "training_history_summary.csv",
      "training_history_model_loop.png",
      "prediction_scatter_model_loop.png",
      "batch_manifest.json",
      "batch_summary.csv"
    ]
  }
}
