{
  "batch_id": "v13_1m_seed_repeats_residual_nn",
  "run_id": "v13_1m_seed_repeats_residual_nn_20260615_065555_utc",
  "created_utc": "2026-06-15T10:11:11.270800+00:00",
  "status": "complete",
  "batch_config": "colab_worker_logs/model_selection_batch_v13_1m_seed_repeats_residual_nn_runtime.json",
  "max_runtime_minutes": 360.0,
  "estimated_minutes_per_job": 110.0,
  "walltime_safety_margin_minutes": 30.0,
  "jobs": [
    {
      "job_id": "v13_1m_d66_seed23_residual_nn",
      "candidate_id": "D66_grouped_width320_lr6e-4_dropout0.075_v13_1m_d66_seed23_residual_nn",
      "status": "complete",
      "returncode": 0,
      "elapsed_minutes": 97.58646162291662,
      "selection_score_path": "training_results/model_selection_loop/D66_grouped_width320_lr6e-4_dropout0.075_v13_1m_d66_seed23_residual_nn_20260615_065556_utc/selection_score.json",
      "weighted_score": 0.012279222159309057,
      "rejected": false,
      "true_hard_target_normalized_mae": 0.006564072240144015,
      "hard_label_normalized_mae": 0.005360957850635185,
      "hard_label_normalized_p95": 0.018029379753206305,
      "overall_normalized_mae": 0.005084018688648939,
      "overall_normalized_p95": 0.021474039182066917,
      "easy_target_normalized_mae_relative_change": -0.022058653777757065,
      "C1_mae": 0.7223817110061646,
      "C1_rmse": 1.3426151275634766,
      "C1_p95_abs_error": 2.7907094955444336,
      "C1_bias": 0.0620558075606823,
      "C1_normalized_mae": 0.007223817054182291,
      "C1_normalized_p95_abs_error": 0.027907095849514008,
      "validation_normalized_mae": 0.005084018688648939,
      "validation_C1_mae": 0.7276689410209656,
      "validation_C1_rmse": 1.5147234201431274,
      "validation_C1_p95_abs_error": 2.8035266399383545,
      "validation_C1_bias": 0.13751263916492462,
      "validation_C1_normalized_mae": 0.007276689633727074,
      "validation_C1_normalized_p95_abs_error": 0.02803526632487774,
      "blind_normalized_mae": 0.005512593314051628,
      "blind_C1_mae": 0.7034684419631958,
      "blind_C1_rmse": 1.3412995338439941,
      "blind_C1_p95_abs_error": 2.853188991546631,
      "blind_C1_bias": 0.09107480198144913,
      "blind_C1_normalized_mae": 0.007034684531390667,
      "blind_C1_normalized_p95_abs_error": 0.028531890362501144,
      "stress_normalized_mae": 0.005654443055391312,
      "stress_C1_mae": 0.6655442714691162,
      "stress_C1_rmse": 1.4006052017211914,
      "stress_C1_p95_abs_error": 2.5554380416870117,
      "stress_C1_bias": -0.0020991379860788584,
      "stress_C1_normalized_mae": 0.006655442528426647,
      "stress_C1_normalized_p95_abs_error": 0.02555438131093979,
      "S3_high_magnitude_mae": 0.8476534485816956,
      "S3_high_magnitude_bias": -0.5059384703636169,
      "S3_high_magnitude_slope": 0.9721779204327441,
      "S3_high_mean_abs_angle_error_deg": 0.3600972592830658,
      "S3_high_p95_abs_angle_error_deg": 1.4339942932128906,
      "B2_magnitude_mae": 0.02138221636414528,
      "B2_mean_abs_angle_error_deg": 1.2387402057647705,
      "A3_magnitude_mae": 0.5508114099502563,
      "A3_mean_abs_angle_error_deg": 1.0544184446334839
    },
    {
      "job_id": "v13_1m_d66_seed37_residual_nn",
      "candidate_id": "D66_grouped_width320_lr6e-4_dropout0.075_v13_1m_d66_seed37_residual_nn",
      "status": "complete",
      "returncode": 0,
      "elapsed_minutes": 97.66795559628335,
      "selection_score_path": "training_results/model_selection_loop/D66_grouped_width320_lr6e-4_dropout0.075_v13_1m_d66_seed37_residual_nn_20260615_083331_utc/selection_score.json",
      "weighted_score": 0.012518845240858768,
      "rejected": false,
      "true_hard_target_normalized_mae": 0.00677042780444026,
      "hard_label_normalized_mae": 0.005475939303067719,
      "hard_label_normalized_p95": 0.01849376485532451,
      "overall_normalized_mae": 0.005187400616705418,
      "overall_normalized_p95": 0.021907806396484375,
      "easy_target_normalized_mae_relative_change": -0.014814878120483432,
      "C1_mae": 0.7807368636131287,
      "C1_rmse": 1.3522381782531738,
      "C1_p95_abs_error": 2.8320703506469727,
      "C1_bias": 0.21850566565990448,
      "C1_normalized_mae": 0.007807368412613869,
      "C1_normalized_p95_abs_error": 0.02832070365548134,
      "validation_normalized_mae": 0.005187400616705418,
      "validation_C1_mae": 0.8050884008407593,
      "validation_C1_rmse": 1.4881551265716553,
      "validation_C1_p95_abs_error": 2.8098766803741455,
      "validation_C1_bias": 0.2936822772026062,
      "validation_C1_normalized_mae": 0.008050884120166302,
      "validation_C1_normalized_p95_abs_error": 0.02809876762330532,
      "blind_normalized_mae": 0.005624979734420776,
      "blind_C1_mae": 0.7579678297042847,
      "blind_C1_rmse": 1.3443717956542969,
      "blind_C1_p95_abs_error": 2.835430383682251,
      "blind_C1_bias": 0.24710530042648315,
      "blind_C1_normalized_mae": 0.007579678203910589,
      "blind_C1_normalized_p95_abs_error": 0.028354303911328316,
      "stress_normalized_mae": 0.005775085650384426,
      "stress_C1_mae": 0.7241812348365784,
      "stress_C1_rmse": 1.3196882009506226,
      "stress_C1_p95_abs_error": 2.533480644226074,
      "stress_C1_bias": 0.15432393550872803,
      "stress_C1_normalized_mae": 0.007241812534630299,
      "stress_C1_normalized_p95_abs_error": 0.025334807112812996,
      "S3_high_magnitude_mae": 0.8671635389328003,
      "S3_high_magnitude_bias": -0.48953133821487427,
      "S3_high_magnitude_slope": 0.9710150000581897,
      "S3_high_mean_abs_angle_error_deg": 0.3520851731300354,
      "S3_high_p95_abs_angle_error_deg": 1.4656219482421875,
      "B2_magnitude_mae": 0.02137424796819687,
      "B2_mean_abs_angle_error_deg": 1.2105580568313599,
      "A3_magnitude_mae": 0.5537894368171692,
      "A3_mean_abs_angle_error_deg": 1.0416922569274902
    }
  ],
  "artifact_policy": {
    "push_large_artifacts": false,
    "allowed_artifacts": [
      "run_manifest_model_loop.json",
      "metrics_model_loop.json",
      "selection_score.json",
      "per_target_diagnostics.json",
      "vector_diagnostics.json",
      "s3_magnitude_metric_audit_validation.csv",
      "residual_vs_nn_distance_summary.json",
      "residual_vs_nn_distance_report.md",
      "residual_vs_nn_distance_top_residuals.csv",
      "residual_vs_nn_distance_binned_summary.csv",
      "residual_vs_nn_distance_by_regime_quartile.csv",
      "model_registry_model_loop.csv",
      "training_history_summary.csv",
      "training_history_model_loop.png",
      "prediction_scatter_model_loop.png",
      "batch_manifest.json",
      "batch_summary.csv"
    ]
  }
}
