{
  "batch_id": "v3_smoothl1_seed_repeat_batch",
  "run_id": "v3_smoothl1_seed_repeat_batch_20260611_072634_utc",
  "created_utc": "2026-06-11T08:00:13.969630+00:00",
  "status": "complete",
  "batch_config": "configs/model_selection_batch_live.json",
  "max_runtime_minutes": 50.0,
  "estimated_minutes_per_job": 12.0,
  "walltime_safety_margin_minutes": 8.0,
  "jobs": [
    {
      "job_id": "w320_plateau_clip_smoothl1_torchseed11_splitseed7",
      "candidate_id": "D66_grouped_width320_lr6e-4_dropout0.075_targeted25k_plateau_clip_smoothl1_seed11",
      "status": "complete",
      "returncode": 0,
      "elapsed_minutes": 11.320877906550004,
      "selection_score_path": "training_results/model_selection_loop/D66_grouped_width320_lr6e-4_dropout0.075_targeted25k_plateau_clip_smoothl1_seed11_20260611_072635_utc/selection_score.json",
      "weighted_score": 0.05608324462189698,
      "rejected": false,
      "true_hard_target_normalized_mae": 0.02742581143975258,
      "hard_label_normalized_mae": 0.026372571798184745,
      "hard_label_normalized_p95": 0.09844462616512407,
      "overall_normalized_mae": 0.02049979194998741,
      "overall_normalized_p95": 0.08053235709667206,
      "easy_target_normalized_mae_relative_change": 0.004494975230615217,
      "validation_normalized_mae": 0.02049979194998741,
      "blind_normalized_mae": 0.01502126082777977,
      "stress_normalized_mae": 0.015352517366409302,
      "S3_high_magnitude_mae": 9.685861587524414,
      "S3_high_magnitude_bias": -8.153217315673828,
      "S3_high_magnitude_slope": 0.6945042155361766,
      "S3_high_mean_abs_angle_error_deg": 5.3402791023254395,
      "S3_high_p95_abs_angle_error_deg": 19.774551391601562,
      "B2_magnitude_mae": 0.08972005546092987,
      "B2_mean_abs_angle_error_deg": 4.962699890136719,
      "A3_magnitude_mae": 2.133031129837036,
      "A3_mean_abs_angle_error_deg": 3.88806414604187
    },
    {
      "job_id": "w320_plateau_clip_smoothl1_torchseed23_splitseed7",
      "candidate_id": "D66_grouped_width320_lr6e-4_dropout0.075_targeted25k_plateau_clip_smoothl1_seed23",
      "status": "complete",
      "returncode": 0,
      "elapsed_minutes": 11.152995026849998,
      "selection_score_path": "training_results/model_selection_loop/D66_grouped_width320_lr6e-4_dropout0.075_targeted25k_plateau_clip_smoothl1_seed23_20260611_073754_utc/selection_score.json",
      "weighted_score": 0.056556352070317825,
      "rejected": false,
      "true_hard_target_normalized_mae": 0.027720649912953376,
      "hard_label_normalized_mae": 0.026619593111368325,
      "hard_label_normalized_p95": 0.09816878890761963,
      "overall_normalized_mae": 0.02065158076584339,
      "overall_normalized_p95": 0.0816183015704155,
      "easy_target_normalized_mae_relative_change": 0.007699304394900885,
      "validation_normalized_mae": 0.02065158076584339,
      "blind_normalized_mae": 0.0151082007214427,
      "stress_normalized_mae": 0.015250795520842075,
      "S3_high_magnitude_mae": 9.43365478515625,
      "S3_high_magnitude_bias": -7.793063163757324,
      "S3_high_magnitude_slope": 0.7428240259017416,
      "S3_high_mean_abs_angle_error_deg": 5.601651668548584,
      "S3_high_p95_abs_angle_error_deg": 21.4739990234375,
      "B2_magnitude_mae": 0.08993864804506302,
      "B2_mean_abs_angle_error_deg": 4.798027515411377,
      "A3_magnitude_mae": 2.1501693725585938,
      "A3_mean_abs_angle_error_deg": 3.877026081085205
    },
    {
      "job_id": "w320_plateau_clip_smoothl1_torchseed37_splitseed7",
      "candidate_id": "D66_grouped_width320_lr6e-4_dropout0.075_targeted25k_plateau_clip_smoothl1_seed37",
      "status": "complete",
      "returncode": 0,
      "elapsed_minutes": 11.185812541566671,
      "selection_score_path": "training_results/model_selection_loop/D66_grouped_width320_lr6e-4_dropout0.075_targeted25k_plateau_clip_smoothl1_seed37_20260611_074903_utc/selection_score.json",
      "weighted_score": 0.057768715779082144,
      "rejected": false,
      "true_hard_target_normalized_mae": 0.028415298834443093,
      "hard_label_normalized_mae": 0.027053549312628232,
      "hard_label_normalized_p95": 0.10065534438651341,
      "overall_normalized_mae": 0.02099495753645897,
      "overall_normalized_p95": 0.0816173106431961,
      "easy_target_normalized_mae_relative_change": 0.01367148019093686,
      "validation_normalized_mae": 0.02099495753645897,
      "blind_normalized_mae": 0.014986211434006691,
      "stress_normalized_mae": 0.015548230148851871,
      "S3_high_magnitude_mae": 10.360018730163574,
      "S3_high_magnitude_bias": -8.677079200744629,
      "S3_high_magnitude_slope": 0.7370522955676078,
      "S3_high_mean_abs_angle_error_deg": 5.84977388381958,
      "S3_high_p95_abs_angle_error_deg": 22.526748657226562,
      "B2_magnitude_mae": 0.08881624042987823,
      "B2_mean_abs_angle_error_deg": 5.11450719833374,
      "A3_magnitude_mae": 2.158945322036743,
      "A3_mean_abs_angle_error_deg": 3.6858348846435547
    }
  ],
  "artifact_policy": {
    "push_large_artifacts": false,
    "allowed_artifacts": [
      "run_manifest_model_loop.json",
      "metrics_model_loop.json",
      "selection_score.json",
      "per_target_diagnostics.json",
      "vector_diagnostics.json",
      "model_registry_model_loop.csv",
      "training_history_summary.csv",
      "training_history_model_loop.png",
      "prediction_scatter_model_loop.png",
      "batch_manifest.json",
      "batch_summary.csv"
    ]
  }
}
