{
  "active_run": "v13_active_12d_hole_search_20260618_025610_utc",
  "n_v15": 3000,
  "n_v13_baseline": 3000,
  "n_matched_probe_ids": 3000,
  "v15": {
    "weighted_abs_error": {
      "n": 3000,
      "mae": 0.03248624838750887,
      "rmse": 0.040328815317382936,
      "median": 0.025561361573636532,
      "p95": 0.07924282252788542,
      "max": 0.22415685653686523
    },
    "overall_abs_error": {
      "n": 3000,
      "mae": 2.0313687166435024,
      "rmse": 2.5689806759918166,
      "median": 1.5745062828063965,
      "p95": 5.160023093223568,
      "max": 14.343472480773926
    },
    "C1_abs_error": {
      "n": 3000,
      "mae": 2.681189960555484,
      "rmse": 3.8845851990760516,
      "median": 1.8139457702636719,
      "p95": 8.087198638916012,
      "max": 29.781341552734375
    },
    "C3_abs_error": {
      "n": 3000,
      "mae": 0.013734728588412206,
      "rmse": 0.018784041842677065,
      "median": 0.010092981159687042,
      "p95": 0.03879350423812864,
      "max": 0.11177289485931396
    },
    "A1_vector_error": {
      "n": 3000,
      "mae": 2.9334162562713026,
      "rmse": 4.389483669746177,
      "median": 1.8508398532867432,
      "p95": 9.53333220481872,
      "max": 29.45335578918457
    },
    "B2_vector_error": {
      "n": 3000,
      "mae": 0.16736985731983442,
      "rmse": 0.22155437194596717,
      "median": 0.12876669317483902,
      "p95": 0.4700528904795642,
      "max": 1.0910581350326538
    },
    "A2_vector_error": {
      "n": 3000,
      "mae": 0.2811234257728793,
      "rmse": 0.3693680475447366,
      "median": 0.2171069085597992,
      "p95": 0.7730819910764689,
      "max": 2.6182587146759033
    },
    "S3_vector_error": {
      "n": 3000,
      "mae": 8.665705352299536,
      "rmse": 11.709614991078197,
      "median": 6.300932168960571,
      "p95": 24.13040895462035,
      "max": 74.27478790283203
    },
    "A3_vector_error": {
      "n": 3000,
      "mae": 5.029520138962815,
      "rmse": 7.225026428187939,
      "median": 3.409615397453308,
      "p95": 15.69326996803282,
      "max": 80.23094177246094
    }
  },
  "v13": {
    "weighted_abs_error": {
      "n": 3000,
      "mae": 0.032175198196588706,
      "rmse": 0.04091578966031976,
      "median": 0.02475025039166212,
      "p95": 0.08157749027013764,
      "max": 0.23996931314468384
    },
    "overall_abs_error": {
      "n": 3000,
      "mae": 2.0176342130340634,
      "rmse": 2.613731470265104,
      "median": 1.5344460010528564,
      "p95": 5.224448084831233,
      "max": 15.364336967468262
    },
    "C1_abs_error": {
      "n": 3000,
      "mae": 2.533318303538176,
      "rmse": 3.7783899062367707,
      "median": 1.615788459777832,
      "p95": 8.194544219970698,
      "max": 21.797988891601562
    },
    "C3_abs_error": {
      "n": 3000,
      "mae": 0.012461383475611607,
      "rmse": 0.01760388969565271,
      "median": 0.008828431367874146,
      "p95": 0.0374012194573879,
      "max": 0.11262619495391846
    },
    "A1_vector_error": {
      "n": 3000,
      "mae": 3.024866136693085,
      "rmse": 4.535379848009566,
      "median": 1.79473215341568,
      "p95": 9.872986078262326,
      "max": 31.265195846557617
    },
    "B2_vector_error": {
      "n": 3000,
      "mae": 0.16560895464608136,
      "rmse": 0.2264051489614357,
      "median": 0.1228751540184021,
      "p95": 0.4948599442839622,
      "max": 1.4919794797897339
    },
    "A2_vector_error": {
      "n": 3000,
      "mae": 0.2527430179627457,
      "rmse": 0.3237747579189922,
      "median": 0.20925921201705933,
      "p95": 0.6307928591966624,
      "max": 1.799389362335205
    },
    "S3_vector_error": {
      "n": 3000,
      "mae": 8.633606563109904,
      "rmse": 11.913178171654398,
      "median": 6.078416109085083,
      "p95": 25.10336437225341,
      "max": 68.88546752929688
    },
    "A3_vector_error": {
      "n": 3000,
      "mae": 4.999042851864671,
      "rmse": 7.346875026787684,
      "median": 3.421612858772278,
      "p95": 14.157091665267929,
      "max": 69.99137878417969
    }
  },
  "delta_weighted_abs_error": {
    "mean": 0.0003110501909201654,
    "median": 0.000693367444910109,
    "worse_fraction": 0.5556666666666666,
    "better_fraction": 0.44433333333333336
  },
  "delta_overall_abs_error": {
    "mean": 0.013734503609438738,
    "median": 0.03802827000617981,
    "worse_fraction": 0.5493333333333333,
    "better_fraction": 0.45066666666666666
  },
  "delta_C1_abs_error": {
    "mean": 0.14787165701730798,
    "median": 0.12430831789970398,
    "worse_fraction": 0.544,
    "better_fraction": 0.456
  },
  "delta_C3_abs_error": {
    "mean": 0.0012733451128005982,
    "median": 0.0005614906549453735,
    "worse_fraction": 0.5383333333333333,
    "better_fraction": 0.46166666666666667
  },
  "delta_A1_vector_error": {
    "mean": -0.09144988042178254,
    "median": 0.021778859198093414,
    "worse_fraction": 0.509,
    "better_fraction": 0.491
  },
  "delta_B2_vector_error": {
    "mean": 0.0017609026737530561,
    "median": 0.0046354737132787704,
    "worse_fraction": 0.541,
    "better_fraction": 0.459
  },
  "delta_A2_vector_error": {
    "mean": 0.02838040781013357,
    "median": 0.012329883873462677,
    "worse_fraction": 0.5576666666666666,
    "better_fraction": 0.44233333333333336
  },
  "delta_S3_vector_error": {
    "mean": 0.03209878918963174,
    "median": 0.10174103826284409,
    "worse_fraction": 0.5206666666666667,
    "better_fraction": 0.47933333333333333
  },
  "delta_A3_vector_error": {
    "mean": 0.03047728709814449,
    "median": 0.07787082344293594,
    "worse_fraction": 0.531,
    "better_fraction": 0.469
  },
  "evaluation_summary": {
    "status": "complete",
    "n_probes": 3000,
    "nearest_neighbor_method": "sklearn",
    "weighted_error": {
      "median": 0.025561362504959106,
      "p90": 0.06678131222724915,
      "p95": 0.07924282550811768,
      "max": 0.22415685653686523
    },
    "nn_distance_12d": {
      "median": 0.7351536154747009,
      "p75": 0.8482224941253662,
      "p95": 1.050173044204712,
      "max": 1.2620047330856323
    },
    "correlation_weighted_error_vs_nn_distance": 0.5610671903374593,
    "spearman_weighted_error_vs_nn_distance": 0.6134606393415666,
    "failure_threshold_weighted_error": 0.06678131222724915,
    "sparse_threshold_nn_distance": 0.8482224941253662,
    "dense_threshold_nn_distance": 0.7351536154747009,
    "failure_class_counts": {
      "not_top_failure": 2700,
      "coverage_limited_sparse_failure": 221,
      "dense_model_feature_loss_failure": 38,
      "mixed_failure": 41
    },
    "top_failure_median_nn_distance": 0.952292799949646,
    "all_probe_median_nn_distance": 0.7351536154747009,
    "top_failure_table": "training_results/model_selection_reports/v15_active_hole_retest_20260620_082522_utc/v13_active_12d_hole_search_20260618_025610_utc/active_hole_search_top_failures.csv",
    "nn_error_table": "training_results/model_selection_reports/v15_active_hole_retest_20260620_082522_utc/v13_active_12d_hole_search_20260618_025610_utc/active_hole_nn_error_summary.csv",
    "regime_summary": "training_results/model_selection_reports/v15_active_hole_retest_20260620_082522_utc/v13_active_12d_hole_search_20260618_025610_utc/active_hole_regime_summary.csv",
    "relative_angle_summary": "training_results/model_selection_reports/v15_active_hole_retest_20260620_082522_utc/v13_active_12d_hole_search_20260618_025610_utc/active_hole_relative_angle_summary.csv",
    "hole_clusters": [
      {
        "cluster_id": 0,
        "method": "sklearn_kmeans",
        "n": 29,
        "median_weighted_error": 0.08957518637180328,
        "median_nn_distance_12d": 0.8288930058479309,
        "dominant_regime": "coupled_full_random",
        "dominant_failure_class": "coverage_limited_sparse_failure",
        "center_C1_normalized": -0.3731887583897032,
        "center_C3_normalized": 0.2947455183442297,
        "center_A1_x_normalized": 0.5727784101819169,