{
  "active_run": "v13_active_12d_hole_search_expanded_cycle01_20260618_184220_utc",
  "n_v15": 5553,
  "n_v13_baseline": 5553,
  "n_matched_probe_ids": 5553,
  "v15": {
    "weighted_abs_error": {
      "n": 5553,
      "mae": 0.03354384542680846,
      "rmse": 0.04070433201305713,
      "median": 0.028695378452539444,
      "p95": 0.0757232204079628,
      "max": 0.2623162567615509
    },
    "overall_abs_error": {
      "n": 5553,
      "mae": 2.068635960162362,
      "rmse": 2.587775198569567,
      "median": 1.7041040658950806,
      "p95": 4.964533233642577,
      "max": 17.355636596679688
    },
    "C1_abs_error": {
      "n": 5553,
      "mae": 2.637937830097929,
      "rmse": 3.7707267172800814,
      "median": 1.8107070922851562,
      "p95": 7.659152221679687,
      "max": 31.474319458007812
    },
    "C3_abs_error": {
      "n": 5553,
      "mae": 0.012727005023817189,
      "rmse": 0.017739199661129863,
      "median": 0.009033739566802979,
      "p95": 0.03740485012531278,
      "max": 0.11432147026062012
    },
    "A1_vector_error": {
      "n": 5553,
      "mae": 3.233966604102582,
      "rmse": 4.577446407523584,
      "median": 2.3135311603546143,
      "p95": 9.027091407775877,
      "max": 44.35272216796875
    },
    "B2_vector_error": {
      "n": 5553,
      "mae": 0.18930908826224835,
      "rmse": 0.24025026698608987,
      "median": 0.15310455858707428,
      "p95": 0.47215293645858747,
      "max": 1.2972352504730225
    },
    "A2_vector_error": {
      "n": 5553,
      "mae": 0.2908681767544289,
      "rmse": 0.3767908760388141,
      "median": 0.23244011402130127,
      "p95": 0.7315384984016416,
      "max": 2.121788263320923
    },
    "S3_vector_error": {
      "n": 5553,
      "mae": 8.601969629735446,
      "rmse": 11.849123404408818,
      "median": 6.313093185424805,
      "p95": 24.58046722412109,
      "max": 83.73567199707031
    },
    "A3_vector_error": {
      "n": 5553,
      "mae": 5.096233043521133,
      "rmse": 6.901215319314291,
      "median": 3.843494176864624,
      "p95": 13.554679489135742,
      "max": 50.60081481933594
    }
  },
  "v13": {
    "weighted_abs_error": {
      "n": 5553,
      "mae": 0.054177582932543225,
      "rmse": 0.07390489090135564,
      "median": 0.03532499074935913,
      "p95": 0.17003032863140066,
      "max": 0.4167436361312866
    },
    "overall_abs_error": {
      "n": 5553,
      "mae": 3.351064367496536,
      "rmse": 4.668430601905167,
      "median": 2.139394521713257,
      "p95": 10.766639137268054,
      "max": 28.686567306518555
    },
    "C1_abs_error": {
      "n": 5553,
      "mae": 4.349820015128845,
      "rmse": 6.917384093302966,
      "median": 2.5309600830078125,
      "p95": 16.454395294189453,
      "max": 106.53168487548828
    },
    "C3_abs_error": {
      "n": 5553,
      "mae": 0.01532743985996297,
      "rmse": 0.021486636863637002,
      "median": 0.011814258992671967,
      "p95": 0.04020884037017821,
      "max": 0.4938652515411377
    },
    "A1_vector_error": {
      "n": 5553,
      "mae": 5.103464943667924,
      "rmse": 7.917769356963102,
      "median": 3.0895581245422363,
      "p95": 17.8949291229248,
      "max": 54.58355712890625
    },
    "B2_vector_error": {
      "n": 5553,
      "mae": 0.32749546175090877,
      "rmse": 0.4590593800647307,
      "median": 0.21107356250286102,
      "p95": 1.0874015092849727,
      "max": 1.765209674835205
    },
    "A2_vector_error": {
      "n": 5553,
      "mae": 0.3712397381646467,
      "rmse": 0.47682691570003355,
      "median": 0.28177982568740845,
      "p95": 0.9823235511779778,
      "max": 4.094648838043213
    },
    "S3_vector_error": {
      "n": 5553,
      "mae": 12.953857582700808,
      "rmse": 17.31154307682663,
      "median": 8.613494873046875,
      "p95": 36.782266998291014,
      "max": 117.99530029296875
    },
    "A3_vector_error": {
      "n": 5553,
      "mae": 10.573934630867695,
      "rmse": 18.232873864825006,
      "median": 5.165499210357666,
      "p95": 46.94510574340819,
      "max": 94.78716278076172
    }
  },
  "delta_weighted_abs_error": {
    "mean": -0.020633737505734766,
    "median": -0.001164466142654419,
    "worse_fraction": 0.45650999459751485,
    "better_fraction": 0.5434900054024852
  },
  "delta_overall_abs_error": {
    "mean": -1.2824284073341736,
    "median": -0.07760369777679443,
    "worse_fraction": 0.4574104087880425,
    "better_fraction": 0.5425895912119575
  },
  "delta_C1_abs_error": {
    "mean": -1.7118821850309158,
    "median": -0.2629814147949219,
    "worse_fraction": 0.4467855213398163,
    "better_fraction": 0.5532144786601837
  },
  "delta_C3_abs_error": {
    "mean": -0.002600434836145781,
    "median": -0.0014670491218566895,
    "worse_fraction": 0.44174320187286154,
    "better_fraction": 0.5582567981271385
  },
  "delta_A1_vector_error": {
    "mean": -1.8694983395653417,
    "median": -0.22719502449035645,
    "worse_fraction": 0.4458851071492887,
    "better_fraction": 0.5541148928507114
  },
  "delta_B2_vector_error": {
    "mean": -0.1381863734886604,
    "median": -0.021455898880958557,
    "worse_fraction": 0.4204934269764091,
    "better_fraction": 0.5795065730235909
  },
  "delta_A2_vector_error": {
    "mean": -0.08037156141021784,
    "median": -0.021866053342819214,
    "worse_fraction": 0.46029173419773095,
    "better_fraction": 0.539708265802269
  },
  "delta_S3_vector_error": {
    "mean": -4.3518879529653605,
    "median": -0.6650428771972656,
    "worse_fraction": 0.43508013686295693,
    "better_fraction": 0.564919863137043
  },
  "delta_A3_vector_error": {
    "mean": -5.477701587346563,
    "median": -0.4402890205383301,
    "worse_fraction": 0.4399423734918062,
    "better_fraction": 0.5600576265081938
  },
  "evaluation_summary": {
    "status": "complete",
    "n_probes": 5553,
    "nearest_neighbor_method": "sklearn",
    "weighted_error": {
      "median": 0.028695378452539444,
      "p90": 0.060570407658815384,
      "p95": 0.07572322338819504,
      "max": 0.2623162567615509
    },
    "nn_distance_12d": {
      "median": 0.8005654215812683,
      "p75": 0.9145734906196594,
      "p95": 1.0503766536712646,
      "max": 1.2945821285247803
    },
    "correlation_weighted_error_vs_nn_distance": 0.5006710991083942,
    "spearman_weighted_error_vs_nn_distance": 0.5593010278315372,
    "failure_threshold_weighted_error": 0.060570407658815384,
    "sparse_threshold_nn_distance": 0.9145734906196594,
    "dense_threshold_nn_distance": 0.8005654215812683,
    "failure_class_counts": {
      "not_top_failure": 4997,
      "coverage_limited_sparse_failure": 300,
      "dense_model_feature_loss_failure": 127,
      "mixed_failure": 129
    },
    "top_failure_median_nn_distance": 0.9338367581367493,
    "all_probe_median_nn_distance": 0.8005654215812683,
    "top_failure_table": "training_results/model_selection_reports/v15_active_hole_retest_20260620_082522_utc/v13_active_12d_hole_search_expanded_cycle01_20260618_184220_utc/active_hole_search_top_failures.csv",
    "nn_error_table": "training_results/model_selection_reports/v15_active_hole_retest_20260620_082522_utc/v13_active_12d_hole_search_expanded_cycle01_20260618_184220_utc/active_hole_nn_error_summary.csv",
    "regime_summary": "training_results/model_selection_reports/v15_active_hole_retest_20260620_082522_utc/v13_active_12d_hole_search_expanded_cycle01_20260618_184220_utc/active_hole_regime_summary.csv",
    "relative_angle_summary": "training_results/model_selection_reports/v15_active_hole_retest_20260620_082522_utc/v13_active_12d_hole_search_expanded_cycle01_20260618_184220_utc/active_hole_relative_angle_summary.csv",
    "hole_clusters": [
      {
        "cluster_id": 0,
        "method": "sklearn_kmeans",
        "n": 59,
        "median_weighted_error": 0.07421892881393433,
        "median_nn_distance_12d": 0.94841468334198,
        "dominant_regime": "coupled_full_random",