{
  "batch_id": "v15_active_hole_expanded_250k_d66",
  "run_id": "v15_active_hole_expanded_250k_d66_20260619_075859_utc",
  "created_utc": "2026-06-19T10:15:29.375257+00:00",
  "status": "complete",
  "batch_config": "colab_worker_logs/model_selection_batch_v15_active_hole_expanded_250k_d66_runtime.json",
  "max_runtime_minutes": 420.0,
  "estimated_minutes_per_job": 150.0,
  "walltime_safety_margin_minutes": 30.0,
  "jobs": [
    {
      "job_id": "v15_active_hole_expanded_250k_d66_seed23",
      "candidate_id": "D66_grouped_width320_lr6e-4_dropout0.075_v15_active_hole_expanded_250k_d66_seed23",
      "status": "complete",
      "returncode": 0,
      "elapsed_minutes": 136.49108590039998,
      "selection_score_path": "training_results/model_selection_loop/D66_grouped_width320_lr6e-4_dropout0.075_v15_active_hole_expanded_250k_d66_seed23_20260619_075900_utc/selection_score.json",
      "weighted_score": 0.013165120231670824,
      "rejected": false,
      "true_hard_target_normalized_mae": 0.0071319350972771645,
      "hard_label_normalized_mae": 0.005835097944670675,
      "hard_label_normalized_p95": 0.019612420269449853,
      "overall_normalized_mae": 0.005514475051313639,
      "overall_normalized_p95": 0.02279699221253395,
      "easy_target_normalized_mae_relative_change": 0.08252303686049665,
      "C1_mae": 0.8456715941429138,
      "C1_rmse": 1.4578150510787964,
      "C1_p95_abs_error": 3.000213623046875,
      "C1_bias": 0.06987635046243668,
      "C1_normalized_mae": 0.008456716313958168,
      "C1_normalized_p95_abs_error": 0.030002135783433914,
      "validation_normalized_mae": 0.005514475051313639,
      "validation_C1_mae": 0.8580381274223328,
      "validation_C1_rmse": 1.6344331502914429,
      "validation_C1_p95_abs_error": 2.9936509132385254,
      "validation_C1_bias": 0.14995674788951874,
      "validation_C1_normalized_mae": 0.00858038105070591,
      "validation_C1_normalized_p95_abs_error": 0.02993650920689106,
      "blind_normalized_mae": 0.005967774894088507,
      "blind_C1_mae": 0.8143623471260071,
      "blind_C1_rmse": 1.4361402988433838,
      "blind_C1_p95_abs_error": 2.954602003097534,
      "blind_C1_bias": 0.10055594891309738,
      "blind_C1_normalized_mae": 0.008143623359501362,
      "blind_C1_normalized_p95_abs_error": 0.029546020552515984,
      "stress_normalized_mae": 0.006147522013634443,
      "stress_C1_mae": 0.7901906967163086,
      "stress_C1_rmse": 1.5496550798416138,
      "stress_C1_p95_abs_error": 2.7426819801330566,
      "stress_C1_bias": 0.024636974558234215,
      "stress_C1_normalized_mae": 0.007901906967163086,
      "stress_C1_normalized_p95_abs_error": 0.027426820248365402,
      "S3_high_magnitude_mae": 0.9030768275260925,
      "S3_high_magnitude_bias": -0.4866616129875183,
      "S3_high_magnitude_slope": 0.9664945270450565,
      "S3_high_mean_abs_angle_error_deg": 0.3743816614151001,
      "S3_high_p95_abs_angle_error_deg": 1.4825530052185059,
      "B2_magnitude_mae": 0.023369701579213142,
      "B2_mean_abs_angle_error_deg": 1.2619026899337769,
      "A3_magnitude_mae": 0.5959453582763672,
      "A3_mean_abs_angle_error_deg": 1.0940409898757935
    }
  ],
  "artifact_policy": {
    "push_large_artifacts": false,
    "allowed_artifacts": [
      "run_manifest_model_loop.json",
      "metrics_model_loop.json",
      "selection_score.json",
      "per_target_diagnostics.json",
      "vector_diagnostics.json",
      "residual_vs_nn_distance_summary.json",
      "residual_vs_nn_distance_report.md",
      "residual_vs_nn_distance_top_residuals.csv",
      "residual_vs_nn_distance_binned_summary.csv",
      "residual_vs_nn_distance_by_regime_quartile.csv",
      "model_registry_model_loop.csv",
      "training_history_summary.csv",
      "training_history_model_loop.png",
      "prediction_scatter_model_loop.png",
      "batch_manifest.json",
      "batch_summary.csv"
    ]
  }
}
