{
  "n_samples": 16446,
  "n_train": 13158,
  "n_test": 3288,
  "overall_mae": 1.1201605796813965,
  "overall_rmse": 2.7170603275299072,
  "targets": {
    "C1": {
      "mae": 2.6136975288391113,
      "rmse": 4.332064151763916,
      "p95_abs_error": 8.452926635742188
    },
    "C3": {
      "mae": 0.023560574278235435,
      "rmse": 0.03328652307391167,
      "p95_abs_error": 0.06895875930786133
    },
    "A1_x": {
      "mae": 1.1223957538604736,
      "rmse": 1.822173833847046,
      "p95_abs_error": 3.6062426567077637
    },
    "A1_y": {
      "mae": 1.121982216835022,
      "rmse": 1.8738912343978882,
      "p95_abs_error": 3.6527180671691895
    },
    "B2_x": {
      "mae": 0.07152889668941498,
      "rmse": 0.11958388984203339,
      "p95_abs_error": 0.2538590729236603
    },
    "B2_y": {
      "mae": 0.0700320154428482,
      "rmse": 0.11946374922990799,
      "p95_abs_error": 0.25166815519332886
    },
    "A2_x": {
      "mae": 0.2001994252204895,
      "rmse": 0.31246888637542725,
      "p95_abs_error": 0.664979100227356
    },
    "A2_y": {
      "mae": 0.20245327055454254,
      "rmse": 0.30808743834495544,
      "p95_abs_error": 0.6633638143539429
    },
    "S3_x": {
      "mae": 2.5419487953186035,
      "rmse": 5.065428256988525,
      "p95_abs_error": 8.71821403503418
    },
    "S3_y": {
      "mae": 2.5129072666168213,
      "rmse": 4.890964984893799,
      "p95_abs_error": 8.449167251586914
    },
    "A3_x": {
      "mae": 1.4843612909317017,
      "rmse": 2.5691542625427246,
      "p95_abs_error": 5.238856792449951
    },
    "A3_y": {
      "mae": 1.4768590927124023,
      "rmse": 2.5666162967681885,
      "p95_abs_error": 5.3372111320495605
    }
  },
  "test_targets": {
    "C1": {
      "mae": 3.6858651638031006,
      "rmse": 6.421208381652832,
      "p95_abs_error": 13.904943466186523
    },
    "C3": {
      "mae": 0.026529943570494652,
      "rmse": 0.03995782881975174,
      "p95_abs_error": 0.08384735882282257
    },
    "A1_x": {
      "mae": 1.4622746706008911,
      "rmse": 2.5967140197753906,
      "p95_abs_error": 5.405580997467041
    },
    "A1_y": {
      "mae": 1.4472227096557617,
      "rmse": 2.7425827980041504,
      "p95_abs_error": 5.2023773193359375
    },
    "B2_x": {
      "mae": 0.09275999665260315,
      "rmse": 0.16522103548049927,
      "p95_abs_error": 0.3615143597126007
    },
    "B2_y": {
      "mae": 0.09433159977197647,
      "rmse": 0.1728208065032959,
      "p95_abs_error": 0.37083351612091064
    },
    "A2_x": {
      "mae": 0.22769224643707275,
      "rmse": 0.36956149339675903,
      "p95_abs_error": 0.7544884085655212
    },
    "A2_y": {
      "mae": 0.22466759383678436,
      "rmse": 0.3595583140850067,
      "p95_abs_error": 0.752430260181427
    },
    "S3_x": {
      "mae": 4.346436023712158,
      "rmse": 9.183794021606445,
      "p95_abs_error": 19.122146606445312
    },
    "S3_y": {
      "mae": 4.17412805557251,
      "rmse": 8.787887573242188,
      "p95_abs_error": 17.782930374145508
    },
    "A3_x": {
      "mae": 2.072603225708008,
      "rmse": 3.943655252456665,
      "p95_abs_error": 8.31486701965332
    },
    "A3_y": {
      "mae": 2.061323881149292,
      "rmse": 3.8999030590057373,
      "p95_abs_error": 8.60191535949707
    }
  },
  "labels": {
    "A1": {
      "all": {
        "n": 32,
        "mae": 0.14917002618312836,
        "rmse": 0.2543492019176483
      },
      "test": {
        "n": 6,
        "mae": 0.11898316442966461,
        "rmse": 0.18972842395305634
      }
    },
    "A1_B2_S3_grid": {
      "all": {
        "n": 96,
        "mae": 0.4495956599712372,
        "rmse": 0.8428578972816467
      },
      "test": {
        "n": 19,
        "mae": 0.48766741156578064,
        "rmse": 0.8593012094497681
      }
    },
    "A2": {
      "all": {
        "n": 20,
        "mae": 0.5381776094436646,
        "rmse": 1.267881155014038
      },
      "test": {
        "n": 4,
        "mae": 0.2051447480916977,
        "rmse": 0.37828314304351807
      }
    },
    "A3": {
      "all": {
        "n": 20,
        "mae": 0.08953291922807693,
        "rmse": 0.13172215223312378
      },
      "test": {
        "n": 4,
        "mae": 0.09158188104629517,
        "rmse": 0.1404837816953659
      }
    },
    "A3_wide": {
      "all": {
        "n": 45,
        "mae": 0.13740389049053192,
        "rmse": 0.23996420204639435
      },
      "test": {
        "n": 9,
        "mae": 0.10622178018093109,
        "rmse": 0.1744309812784195
      }
    },
    "B2/C21": {
      "all": {
        "n": 32,
        "mae": 0.2686747610569,
        "rmse": 0.5407381057739258
      },
      "test": {
        "n": 6,
        "mae": 0.3497847318649292,
        "rmse": 0.7082224488258362
      }
    },
    "C1": {
      "all": {
        "n": 6,
        "mae": 0.2360818088054657,
        "rmse": 0.67304527759552
      },
      "test": {
        "n": 1,
        "mae": 0.3265831768512726,
        "rmse": 0.5046596527099609
      }
    },
    "C1_A1_C3_grid": {
      "all": {
        "n": 108,
        "mae": 0.6570835113525391,
        "rmse": 1.4931493997573853
      },
      "test": {
        "n": 22,
        "mae": 0.7919735908508301,
        "rmse": 1.9571226835250854
      }
    },
    "C3": {
      "all": {
        "n": 6,
        "mae": 0.4774022698402405,
        "rmse": 1.1502351760864258
      },
      "test": {
        "n": 1,
        "mae": 0.26254990696907043,
        "rmse": 0.4556228816509247
      }
    },
    "S3/C32": {
      "all": {
        "n": 36,
        "mae": 0.09920386970043182,
        "rmse": 0.16045068204402924
      },
      "test": {
        "n": 7,
        "mae": 0.10582640022039413,
        "rmse": 0.17404010891914368
      }
    },
    "S3_C32_wide": {
      "all": {
        "n": 45,
        "mae": 0.15720844268798828,
        "rmse": 0.31515687704086304
      },
      "test": {
        "n": 9,
        "mae": 0.19775187969207764,
        "rmse": 0.3846572935581207
      }
    },
    "coupled_A1_A2_B2_random": {
      "all": {
        "n": 1500,
        "mae": 0.7613171935081482,
        "rmse": 1.5462759733200073
      },
      "test": {
        "n": 300,
        "mae": 0.878591775894165,
        "rmse": 1.9996800422668457
      }
    },
    "coupled_A1_B2_S3_random": {
      "all": {
        "n": 1500,
        "mae": 0.3284442126750946,
        "rmse": 0.5956928133964539
      },
      "test": {
        "n": 300,
        "mae": 0.3243105411529541,
        "rmse": 0.5864700675010681
      }
    },
    "coupled_A3_S3_random": {
      "all": {
        "n": 1500,
        "mae": 0.3653412163257599,
        "rmse": 0.670994222164154
      },
      "test": {
        "n": 300,
        "mae": 0.35556352138519287,
        "rmse": 0.6621785759925842
      }
    },
    "coupled_C1_A1_C3_A2_random": {
      "all": {
        "n": 2000,
        "mae": 1.034949541091919,
        "rmse": 2.1588528156280518
      },
      "test": {
        "n": 400,
        "mae": 1.2628810405731201,
        "rmse": 2.9691669940948486
      }
    },
    "coupled_C1_C3_A2_random": {
      "all": {
        "n": 1500,
        "mae": 0.6842719316482544,
        "rmse": 1.9292960166931152
      },
      "test": {
        "n": 300,
        "mae": 0.7627471089363098,
        "rmse": 2.3220713138580322
      }
    },
    "coupled_full_random": {
      "all": {
        "n": 5000,
        "mae": 1.834641456604004,
        "rmse": 3.8751118183135986
      },
      "test": {
        "n": 1000,
        "mae": 3.067392587661743,
        "rmse": 6.8342719078063965
      }
    },
    "coupled_sparse_random": {
      "all": {
        "n": 3000,
        "mae": 1.2696104049682617,
        "rmse": 2.9585213661193848
      },
      "test": {
        "n": 600,
        "mae": 1.9221259355545044,
        "rmse": 4.933485507965088
      }
    }
  },
  "training_config": {
    "candidate_id": "D66_width128_lr4e-4_dropout0.05",
    "family": "enhanced",
    "max_epochs": 6000,
    "eval_every": 25,