{
  "metrics_path": "training_results/model_selection_loop/D66_width128_lr4e-4_dropout0.05_20260606_102435_utc/metrics_model_loop.json",
  "run_name": "D66_width128_lr4e-4_dropout0.05_20260606_102435_utc",
  "weighted_score": 4.0120545566082,
  "rejected": false,
  "rejection_reasons": [],
  "components": {
    "hard_label_mae": 2.494759261608124,
    "hard_label_rmse": 5.883878707885742,
    "hard_target_mae": 3.163622796535492,
    "hard_target_rmse": 6.453809976577759,
    "overall_mae": 1.1201605796813965,
    "overall_rmse": 2.7170603275299072,
    "easy_target_mae": 0.5107826800750834,
    "easy_target_mae_relative_change": 0.0
  }
}
