distribution,method,n_query,p1,p5,median,p95,p99,max
training_only_to_training_only_excluding_self,sklearn,250000,0.001752544903429225,0.004209400154650211,0.11965672299265862,1.0722783982753754,1.1822646749019623,1.420972228050232
parent_to_new_training_only,sklearn,250000,0.002360919842030853,0.006814606720581652,0.2247498854994774,1.0802785336971283,1.1901589071750642,1.4526394605636597
validation_to_v9_parent_train,sklearn,1977,0.0,0.06675260663032533,0.770271897315979,1.1842637062072754,1.2627752685546876,1.3798184394836426
validation_to_v11_full_train,sklearn,1977,0.0,0.05865402892231941,0.7254406213760376,1.1095560789108276,1.1722032880783082,1.3242603540420532
blind_to_v9_parent_train,sklearn,2370,0.06757959388196469,0.1247179675847292,0.6898728609085083,1.1107234299182889,1.2048689424991608,1.4485557079315186
blind_to_v11_full_train,sklearn,2370,0.06757959388196469,0.12268012613058091,0.6232757270336151,1.0497962892055512,1.1435535407066344,1.2366487979888916
stress_to_v9_parent_train,sklearn,3097,0.08561807990074158,0.2146588146686554,0.6528878808021545,1.1764578580856322,1.2639524030685425,1.4153152704238892
stress_to_v11_full_train,sklearn,3097,0.07199150800704956,0.20003466308116913,0.6154933571815491,1.0975597381591797,1.1762369728088378,1.3494067192077637
