{
  "n_samples": 16446,
  "n_train": 13158,
  "n_test": 3288,
  "overall_mae": 1.0707557201385498,
  "overall_rmse": 2.6366512775421143,
  "targets": {
    "C1": {
      "mae": 2.4555702209472656,
      "rmse": 4.151716709136963,
      "p95_abs_error": 8.119425773620605
    },
    "C3": {
      "mae": 0.0232421662658453,
      "rmse": 0.03386533632874489,
      "p95_abs_error": 0.07069933414459229
    },
    "A1_x": {
      "mae": 1.0794247388839722,
      "rmse": 1.7577860355377197,
      "p95_abs_error": 3.5608410835266113
    },
    "A1_y": {
      "mae": 1.061821699142456,
      "rmse": 1.7546377182006836,
      "p95_abs_error": 3.4990062713623047
    },
    "B2_x": {
      "mae": 0.06763841211795807,
      "rmse": 0.11224044859409332,
      "p95_abs_error": 0.24055776000022888
    },
    "B2_y": {
      "mae": 0.06732695549726486,
      "rmse": 0.1132190003991127,
      "p95_abs_error": 0.23601941764354706
    },
    "A2_x": {
      "mae": 0.19816800951957703,
      "rmse": 0.31144365668296814,
      "p95_abs_error": 0.6776702404022217
    },
    "A2_y": {
      "mae": 0.20160098373889923,
      "rmse": 0.31687915325164795,
      "p95_abs_error": 0.6822957992553711
    },
    "S3_x": {
      "mae": 2.4432520866394043,
      "rmse": 4.912330150604248,
      "p95_abs_error": 8.119461059570312
    },
    "S3_y": {
      "mae": 2.394381523132324,
      "rmse": 4.838744163513184,
      "p95_abs_error": 7.762265205383301
    },
    "A3_x": {
      "mae": 1.4202128648757935,
      "rmse": 2.45572829246521,
      "p95_abs_error": 5.076913833618164
    },
    "A3_y": {
      "mae": 1.4364299774169922,
      "rmse": 2.4937593936920166,
      "p95_abs_error": 5.034994602203369
    }
  },
  "test_targets": {
    "C1": {
      "mae": 3.5510897636413574,
      "rmse": 6.48209810256958,
      "p95_abs_error": 13.319153785705566
    },
    "C3": {
      "mae": 0.02671240083873272,
      "rmse": 0.042179420590400696,
      "p95_abs_error": 0.08789259940385818
    },
    "A1_x": {
      "mae": 1.4113788604736328,
      "rmse": 2.501677989959717,
      "p95_abs_error": 5.0689287185668945
    },
    "A1_y": {
      "mae": 1.4125564098358154,
      "rmse": 2.637077808380127,
      "p95_abs_error": 5.098124980926514
    },
    "B2_x": {
      "mae": 0.08939526975154877,
      "rmse": 0.1582251489162445,
      "p95_abs_error": 0.34991636872291565
    },
    "B2_y": {
      "mae": 0.09111177176237106,
      "rmse": 0.16638624668121338,
      "p95_abs_error": 0.3623901307582855
    },
    "A2_x": {
      "mae": 0.2245853990316391,
      "rmse": 0.3684445321559906,
      "p95_abs_error": 0.7847415208816528
    },
    "A2_y": {
      "mae": 0.22890247404575348,
      "rmse": 0.3866753578186035,
      "p95_abs_error": 0.794238269329071
    },
    "S3_x": {
      "mae": 4.339813232421875,
      "rmse": 9.172207832336426,
      "p95_abs_error": 18.567344665527344
    },
    "S3_y": {
      "mae": 4.232888221740723,
      "rmse": 9.101737976074219,
      "p95_abs_error": 18.38359832763672
    },
    "A3_x": {
      "mae": 2.0288736820220947,
      "rmse": 3.801363468170166,
      "p95_abs_error": 7.862923622131348
    },
    "A3_y": {
      "mae": 2.0906922817230225,
      "rmse": 3.926443576812744,
      "p95_abs_error": 8.317252159118652
    }
  },
  "labels": {
    "A1": {
      "all": {
        "n": 32,
        "mae": 0.15315888822078705,
        "rmse": 0.3078085780143738
      },
      "test": {
        "n": 6,
        "mae": 0.13514921069145203,
        "rmse": 0.23286710679531097
      }
    },
    "A1_B2_S3_grid": {
      "all": {
        "n": 96,
        "mae": 0.41802871227264404,
        "rmse": 0.8066101670265198
      },
      "test": {
        "n": 19,
        "mae": 0.3915441334247589,
        "rmse": 0.7142701148986816
      }
    },
    "A2": {
      "all": {
        "n": 20,
        "mae": 0.48784419894218445,
        "rmse": 1.3884168863296509
      },
      "test": {
        "n": 4,
        "mae": 0.14964412152767181,
        "rmse": 0.3074752688407898
      }
    },
    "A3": {
      "all": {
        "n": 20,
        "mae": 0.05610470846295357,
        "rmse": 0.09266762435436249
      },
      "test": {
        "n": 4,
        "mae": 0.05404234305024147,
        "rmse": 0.08854560554027557
      }
    },
    "A3_wide": {
      "all": {
        "n": 45,
        "mae": 0.11385651677846909,
        "rmse": 0.2303933948278427
      },
      "test": {
        "n": 9,
        "mae": 0.07604315876960754,
        "rmse": 0.14578010141849518
      }
    },
    "B2/C21": {
      "all": {
        "n": 32,
        "mae": 0.2739275097846985,
        "rmse": 0.6085814833641052
      },
      "test": {
        "n": 6,
        "mae": 0.34085968136787415,
        "rmse": 0.7616382837295532
      }
    },
    "C1": {
      "all": {
        "n": 6,
        "mae": 0.1796479970216751,
        "rmse": 0.5938206911087036
      },
      "test": {
        "n": 1,
        "mae": 0.1563044935464859,
        "rmse": 0.23659352958202362
      }
    },
    "C1_A1_C3_grid": {
      "all": {
        "n": 108,
        "mae": 0.6183353662490845,
        "rmse": 1.52023184299469
      },
      "test": {
        "n": 22,
        "mae": 0.6820336580276489,
        "rmse": 2.0788753032684326
      }
    },
    "C3": {
      "all": {
        "n": 6,
        "mae": 0.4135796129703522,
        "rmse": 1.068702220916748
      },
      "test": {
        "n": 1,
        "mae": 0.14185382425785065,
        "rmse": 0.19203919172286987
      }
    },
    "S3/C32": {
      "all": {
        "n": 36,
        "mae": 0.07248584926128387,
        "rmse": 0.11600659042596817
      },
      "test": {
        "n": 7,
        "mae": 0.06990305334329605,
        "rmse": 0.11114247888326645
      }
    },
    "S3_C32_wide": {
      "all": {
        "n": 45,
        "mae": 0.12770695984363556,
        "rmse": 0.2563403844833374
      },
      "test": {
        "n": 9,
        "mae": 0.1726575791835785,
        "rmse": 0.3211713433265686
      }
    },
    "coupled_A1_A2_B2_random": {
      "all": {
        "n": 1500,
        "mae": 0.7350322604179382,
        "rmse": 1.4563301801681519
      },
      "test": {
        "n": 300,
        "mae": 0.8261987566947937,
        "rmse": 1.7931846380233765
      }
    },
    "coupled_A1_B2_S3_random": {
      "all": {
        "n": 1500,
        "mae": 0.33299270272254944,
        "rmse": 0.6157366633415222
      },
      "test": {
        "n": 300,
        "mae": 0.32973796129226685,
        "rmse": 0.6153275370597839
      }
    },
    "coupled_A3_S3_random": {
      "all": {
        "n": 1500,
        "mae": 0.3500481843948364,
        "rmse": 0.6416119337081909
      },
      "test": {
        "n": 300,
        "mae": 0.34434419870376587,
        "rmse": 0.636206865310669
      }
    },
    "coupled_C1_A1_C3_A2_random": {
      "all": {
        "n": 2000,
        "mae": 0.9978054761886597,
        "rmse": 2.0697975158691406
      },
      "test": {
        "n": 400,
        "mae": 1.2588006258010864,
        "rmse": 2.9210047721862793
      }
    },
    "coupled_C1_C3_A2_random": {
      "all": {
        "n": 1500,
        "mae": 0.6549270153045654,
        "rmse": 1.7915623188018799
      },
      "test": {
        "n": 300,
        "mae": 0.7625314593315125,
        "rmse": 2.477191686630249
      }
    },
    "coupled_full_random": {
      "all": {
        "n": 5000,
        "mae": 1.7518669366836548,
        "rmse": 3.788270950317383
      },
      "test": {
        "n": 1000,
        "mae": 3.0686800479888916,
        "rmse": 6.909663677215576
      }
    },
    "coupled_sparse_random": {
      "all": {
        "n": 3000,
        "mae": 1.1989027261734009,
        "rmse": 2.85457444190979
      },
      "test": {
        "n": 600,
        "mae": 1.8754791021347046,
        "rmse": 4.975374221801758
      }
    }
  },
  "training_config": {
    "candidate_id": "D66_width128_lr6e-4_dropout0.05",
    "family": "enhanced",
    "max_epochs": 6000,