{
  "metrics_path": "training_results/model_selection_loop/D66_width128_lr6e-4_dropout0.05_20260606_103035_utc/metrics_model_loop.json",
  "run_name": "D66_width128_lr6e-4_dropout0.05_20260606_103035_utc",
  "weighted_score": 4.022303062677383,
  "rejected": false,
  "rejection_reasons": [],
  "components": {
    "hard_label_mae": 2.472079575061798,
    "hard_label_rmse": 5.942518949508667,
    "hard_target_mae": 3.1730668544769287,
    "hard_target_rmse": 6.500438213348389,
    "overall_mae": 1.0707557201385498,
    "overall_rmse": 2.6366512775421143,
    "easy_target_mae": 0.49780608367707047,
    "easy_target_mae_relative_change": 0.006781604662160095
  }
}
