{
  "batch_id": "v9_gap250k_d66",
  "run_id": "v9_gap250k_d66_20260614_062446_utc",
  "created_utc": "2026-06-14T08:46:59.393873+00:00",
  "status": "complete",
  "batch_config": "colab_worker_logs/model_selection_batch_v9_gap250k_d66_runtime.json",
  "max_runtime_minutes": 330.0,
  "estimated_minutes_per_job": 90.0,
  "walltime_safety_margin_minutes": 15.0,
  "jobs": [
    {
      "job_id": "v9_gap250k_d66_seed23",
      "candidate_id": "D66_grouped_width320_lr6e-4_dropout0.075_v9gap250k_d66_seed23",
      "status": "complete",
      "returncode": 0,
      "elapsed_minutes": 71.09984982030001,
      "selection_score_path": "training_results/model_selection_loop/D66_grouped_width320_lr6e-4_dropout0.075_v9gap250k_d66_seed23_20260614_062447_utc/selection_score.json",
      "weighted_score": 0.030511203085860382,
      "rejected": false,
      "true_hard_target_normalized_mae": 0.015365738421678543,
      "hard_label_normalized_mae": 0.015073869341554549,
      "hard_label_normalized_p95": 0.0530574108259036,
      "overall_normalized_mae": 0.01186219323426485,
      "overall_normalized_p95": 0.044458694756031036,
      "easy_target_normalized_mae_relative_change": -0.12860108946334012,
      "C1_mae": 0.8118947148323059,
      "C1_rmse": 1.4016178846359253,
      "C1_p95_abs_error": 2.9669747352600098,
      "C1_bias": 0.23347096145153046,
      "C1_normalized_mae": 0.00811894703656435,
      "C1_normalized_p95_abs_error": 0.02966974675655365,
      "validation_normalized_mae": 0.01186219323426485,
      "validation_C1_mae": 1.5012028217315674,
      "validation_C1_rmse": 2.3694028854370117,
      "validation_C1_p95_abs_error": 4.674588680267334,
      "validation_C1_bias": 0.370808869600296,
      "validation_C1_normalized_mae": 0.015012028627097607,
      "validation_C1_normalized_p95_abs_error": 0.04674588516354561,
      "blind_normalized_mae": 0.00968953687697649,
      "blind_C1_mae": 1.0857875347137451,
      "blind_C1_rmse": 1.7429046630859375,
      "blind_C1_p95_abs_error": 3.7896273136138916,
      "blind_C1_bias": 0.23901717364788055,
      "blind_C1_normalized_mae": 0.01085787545889616,
      "blind_C1_normalized_p95_abs_error": 0.03789627179503441,
      "stress_normalized_mae": 0.008716583251953125,
      "stress_C1_mae": 1.0167213678359985,
      "stress_C1_rmse": 1.8639154434204102,
      "stress_C1_p95_abs_error": 4.0214314460754395,
      "stress_C1_bias": 0.26081040501594543,
      "stress_C1_normalized_mae": 0.010167214088141918,
      "stress_C1_normalized_p95_abs_error": 0.04021431505680084,
      "S3_high_magnitude_mae": 4.728827476501465,
      "S3_high_magnitude_bias": -3.1192691326141357,
      "S3_high_magnitude_slope": 0.8654767417575472,
      "S3_high_mean_abs_angle_error_deg": 2.39894700050354,
      "S3_high_p95_abs_angle_error_deg": 8.074915885925293,
      "B2_magnitude_mae": 0.055272553116083145,
      "B2_mean_abs_angle_error_deg": 2.792633533477783,
      "A3_magnitude_mae": 1.2077444791793823,
      "A3_mean_abs_angle_error_deg": 2.092475175857544
    },
    {
      "job_id": "v9_gap250k_d66_seed7",
      "candidate_id": "D66_grouped_width320_lr6e-4_dropout0.075_v9gap250k_d66_seed7",
      "status": "complete",
      "returncode": 0,
      "elapsed_minutes": 71.1073216019333,
      "selection_score_path": "training_results/model_selection_loop/D66_grouped_width320_lr6e-4_dropout0.075_v9gap250k_d66_seed7_20260614_073553_utc/selection_score.json",
      "weighted_score": 0.030686231323947703,
      "rejected": false,
      "true_hard_target_normalized_mae": 0.01557472012937069,
      "hard_label_normalized_mae": 0.015177976465425813,
      "hard_label_normalized_p95": 0.05321690031828788,
      "overall_normalized_mae": 0.011992459185421467,
      "overall_normalized_p95": 0.045009955763816833,
      "easy_target_normalized_mae_relative_change": -0.12170769479191197,
      "C1_mae": 0.8339108228683472,
      "C1_rmse": 1.4666410684585571,
      "C1_p95_abs_error": 3.1280529499053955,
      "C1_bias": 0.012582900933921337,
      "C1_normalized_mae": 0.00833910796791315,
      "C1_normalized_p95_abs_error": 0.031280528753995895,
      "validation_normalized_mae": 0.011992459185421467,
      "validation_C1_mae": 1.5940548181533813,
      "validation_C1_rmse": 2.563037395477295,
      "validation_C1_p95_abs_error": 5.095952987670898,
      "validation_C1_bias": 0.08636827766895294,
      "validation_C1_normalized_mae": 0.015940548852086067,
      "validation_C1_normalized_p95_abs_error": 0.05095953121781349,
      "blind_normalized_mae": 0.00967630185186863,
      "blind_C1_mae": 1.0929380655288696,
      "blind_C1_rmse": 1.738818645477295,
      "blind_C1_p95_abs_error": 3.6243844032287598,
      "blind_C1_bias": 0.06371469050645828,
      "blind_C1_normalized_mae": 0.010929380543529987,
      "blind_C1_normalized_p95_abs_error": 0.03624384477734566,
      "stress_normalized_mae": 0.008781693875789642,
      "stress_C1_mae": 1.046777367591858,
      "stress_C1_rmse": 1.9659764766693115,
      "stress_C1_p95_abs_error": 4.127130031585693,
      "stress_C1_bias": 0.07922913134098053,
      "stress_C1_normalized_mae": 0.01046777330338955,
      "stress_C1_normalized_p95_abs_error": 0.04127129912376404,
      "S3_high_magnitude_mae": 4.655549049377441,
      "S3_high_magnitude_bias": -3.0027852058410645,
      "S3_high_magnitude_slope": 0.851424153658204,
      "S3_high_mean_abs_angle_error_deg": 2.3150243759155273,
      "S3_high_p95_abs_angle_error_deg": 8.064441680908203,
      "B2_magnitude_mae": 0.055170170962810516,
      "B2_mean_abs_angle_error_deg": 2.798274278640747,
      "A3_magnitude_mae": 1.2369794845581055,
      "A3_mean_abs_angle_error_deg": 2.092498779296875
    }
  ],
  "artifact_policy": {
    "push_large_artifacts": false,
    "allowed_artifacts": [
      "run_manifest_model_loop.json",
      "metrics_model_loop.json",
      "selection_score.json",
      "per_target_diagnostics.json",
      "vector_diagnostics.json",
      "s3_magnitude_metric_audit_validation.csv",
      "model_registry_model_loop.csv",
      "training_history_summary.csv",
      "training_history_model_loop.png",
      "prediction_scatter_model_loop.png",
      "batch_manifest.json",
      "batch_summary.csv",
      "s3_magnitude_metric_audit_*.md",
      "training_validation_loss_gap_audit_*.md"
    ]
  }
}
