coefficient,validation_mae,validation_mse,validation_rmse,normalized_mae
C1,0.6578,1.5476,1.2440,0.00658
C3,0.0042,0.0001,0.0078,0.00212
A1_x,0.3107,0.3911,0.6254,0.00518
A1_y,0.3086,0.3952,0.6287,0.00514
B2_x,0.0181,0.0016,0.0405,0.00605
B2_y,0.0179,0.0016,0.0403,0.00597
A2_x,0.0349,0.0053,0.0730,0.00218
A2_y,0.0353,0.0056,0.0745,0.00221
S3_x,0.9572,4.9573,2.2265,0.00957
S3_y,0.9569,4.9761,2.2307,0.00957
A3_x,0.4773,1.0009,1.0005,0.00477
A3_y,0.4819,1.0074,1.0037,0.00482
