{
  "n_samples": 16446,
  "n_train": 13158,
  "n_test": 3288,
  "overall_mae": 1.0377572774887085,
  "overall_rmse": 2.5713164806365967,
  "targets": {
    "C1": {
      "mae": 2.3690969944000244,
      "rmse": 4.010959148406982,
      "p95_abs_error": 7.821769714355469
    },
    "C3": {
      "mae": 0.02229323424398899,
      "rmse": 0.03203791007399559,
      "p95_abs_error": 0.06636029481887817
    },
    "A1_x": {
      "mae": 1.04022216796875,
      "rmse": 1.687078595161438,
      "p95_abs_error": 3.455281972885132
    },
    "A1_y": {
      "mae": 1.0496736764907837,
      "rmse": 1.7679600715637207,
      "p95_abs_error": 3.442451000213623
    },
    "B2_x": {
      "mae": 0.06713418662548065,
      "rmse": 0.11366953700780869,
      "p95_abs_error": 0.23734918236732483
    },
    "B2_y": {
      "mae": 0.06505431234836578,
      "rmse": 0.11072300374507904,
      "p95_abs_error": 0.2260841727256775
    },
    "A2_x": {
      "mae": 0.19158099591732025,
      "rmse": 0.30175530910491943,
      "p95_abs_error": 0.6547696590423584
    },
    "A2_y": {
      "mae": 0.19609877467155457,
      "rmse": 0.3065309226512909,
      "p95_abs_error": 0.6665856838226318
    },
    "S3_x": {
      "mae": 2.334676504135132,
      "rmse": 4.755524635314941,
      "p95_abs_error": 7.71401309967041
    },
    "S3_y": {
      "mae": 2.2899088859558105,
      "rmse": 4.728148460388184,
      "p95_abs_error": 7.346743583679199
    },
    "A3_x": {
      "mae": 1.4118337631225586,
      "rmse": 2.4336366653442383,
      "p95_abs_error": 4.906606197357178
    },
    "A3_y": {
      "mae": 1.415515422821045,
      "rmse": 2.485175132751465,
      "p95_abs_error": 5.051501274108887
    }
  },
  "test_targets": {
    "C1": {
      "mae": 3.51546311378479,
      "rmse": 6.301746368408203,
      "p95_abs_error": 12.909674644470215
    },
    "C3": {
      "mae": 0.02549404464662075,
      "rmse": 0.03900177776813507,
      "p95_abs_error": 0.07896479964256287
    },
    "A1_x": {
      "mae": 1.368707537651062,
      "rmse": 2.4192774295806885,
      "p95_abs_error": 5.129654407501221
    },
    "A1_y": {
      "mae": 1.4231411218643188,
      "rmse": 2.716890811920166,
      "p95_abs_error": 5.188851833343506
    },
    "B2_x": {
      "mae": 0.09363734722137451,
      "rmse": 0.16882206499576569,
      "p95_abs_error": 0.379164457321167
    },
    "B2_y": {
      "mae": 0.09112723916769028,
      "rmse": 0.16762356460094452,
      "p95_abs_error": 0.3622680604457855
    },
    "A2_x": {
      "mae": 0.22103926539421082,
      "rmse": 0.3678194582462311,
      "p95_abs_error": 0.7851090431213379
    },
    "A2_y": {
      "mae": 0.21977677941322327,
      "rmse": 0.35765814781188965,
      "p95_abs_error": 0.8068475723266602
    },
    "S3_x": {
      "mae": 4.207487106323242,
      "rmse": 8.973895072937012,
      "p95_abs_error": 19.645381927490234
    },
    "S3_y": {
      "mae": 4.0732197761535645,
      "rmse": 8.981670379638672,
      "p95_abs_error": 18.1114559173584
    },
    "A3_x": {
      "mae": 2.0538222789764404,
      "rmse": 3.8483123779296875,
      "p95_abs_error": 8.420902252197266
    },
    "A3_y": {
      "mae": 2.0790507793426514,
      "rmse": 3.9756627082824707,
      "p95_abs_error": 8.533366203308105
    }
  },
  "labels": {
    "A1": {
      "all": {
        "n": 32,
        "mae": 0.13589881360530853,
        "rmse": 0.2538921535015106
      },
      "test": {
        "n": 6,
        "mae": 0.14774733781814575,
        "rmse": 0.26609790325164795
      }
    },
    "A1_B2_S3_grid": {
      "all": {
        "n": 96,
        "mae": 0.4009978473186493,
        "rmse": 0.7871212959289551
      },
      "test": {
        "n": 19,
        "mae": 0.4718959629535675,
        "rmse": 0.8759448528289795
      }
    },
    "A2": {
      "all": {
        "n": 20,
        "mae": 0.47397246956825256,
        "rmse": 1.3159228563308716
      },
      "test": {
        "n": 4,
        "mae": 0.17637862265110016,
        "rmse": 0.28953486680984497
      }
    },
    "A3": {
      "all": {
        "n": 20,
        "mae": 0.06877140700817108,
        "rmse": 0.1104082390666008
      },
      "test": {
        "n": 4,
        "mae": 0.05566258355975151,
        "rmse": 0.09364548325538635
      }
    },
    "A3_wide": {
      "all": {
        "n": 45,
        "mae": 0.1074274405837059,
        "rmse": 0.2080133855342865
      },
      "test": {
        "n": 9,
        "mae": 0.07804152369499207,
        "rmse": 0.13434076309204102
      }
    },
    "B2/C21": {
      "all": {
        "n": 32,
        "mae": 0.2607031762599945,
        "rmse": 0.5496230125427246
      },
      "test": {
        "n": 6,
        "mae": 0.31179946660995483,
        "rmse": 0.6170324683189392
      }
    },
    "C1": {
      "all": {
        "n": 6,
        "mae": 0.2553953528404236,
        "rmse": 0.6916103363037109
      },
      "test": {
        "n": 1,
        "mae": 0.32519933581352234,
        "rmse": 0.506034791469574
      }
    },
    "C1_A1_C3_grid": {
      "all": {
        "n": 108,
        "mae": 0.6017325520515442,
        "rmse": 1.319539189338684
      },
      "test": {
        "n": 22,
        "mae": 0.7418011426925659,
        "rmse": 1.6924152374267578
      }
    },
    "C3": {
      "all": {
        "n": 6,
        "mae": 0.41848111152648926,
        "rmse": 0.9967785477638245
      },
      "test": {
        "n": 1,
        "mae": 0.21378165483474731,
        "rmse": 0.3806697726249695
      }
    },
    "S3/C32": {
      "all": {
        "n": 36,
        "mae": 0.056490976363420486,
        "rmse": 0.0925004705786705
      },
      "test": {
        "n": 7,
        "mae": 0.05970677360892296,
        "rmse": 0.09520606696605682
      }
    },
    "S3_C32_wide": {
      "all": {
        "n": 45,
        "mae": 0.10508404672145844,
        "rmse": 0.21150603890419006
      },
      "test": {
        "n": 9,
        "mae": 0.14436031877994537,
        "rmse": 0.2673000991344452
      }
    },
    "coupled_A1_A2_B2_random": {
      "all": {
        "n": 1500,
        "mae": 0.7271687388420105,
        "rmse": 1.429350733757019
      },
      "test": {
        "n": 300,
        "mae": 0.8335081934928894,
        "rmse": 1.770562767982483
      }
    },
    "coupled_A1_B2_S3_random": {
      "all": {
        "n": 1500,
        "mae": 0.3042139410972595,
        "rmse": 0.5715929269790649
      },
      "test": {
        "n": 300,
        "mae": 0.2964940071105957,
        "rmse": 0.5526317954063416
      }
    },
    "coupled_A3_S3_random": {
      "all": {
        "n": 1500,
        "mae": 0.3132047951221466,
        "rmse": 0.58575040102005
      },
      "test": {
        "n": 300,
        "mae": 0.30388712882995605,
        "rmse": 0.5709586143493652
      }
    },
    "coupled_C1_A1_C3_A2_random": {
      "all": {
        "n": 2000,
        "mae": 0.9636256694793701,
        "rmse": 1.9776763916015625
      },
      "test": {
        "n": 400,
        "mae": 1.2229902744293213,
        "rmse": 2.7898340225219727
      }
    },
    "coupled_C1_C3_A2_random": {
      "all": {
        "n": 1500,
        "mae": 0.6304782032966614,
        "rmse": 1.7244287729263306
      },
      "test": {
        "n": 300,
        "mae": 0.7315453886985779,
        "rmse": 2.280768394470215
      }
    },
    "coupled_full_random": {
      "all": {
        "n": 5000,
        "mae": 1.7042325735092163,
        "rmse": 3.704624652862549
      },
      "test": {
        "n": 1000,
        "mae": 3.0215272903442383,
        "rmse": 6.837545394897461
      }
    },
    "coupled_sparse_random": {
      "all": {
        "n": 3000,
        "mae": 1.17109215259552,
        "rmse": 2.7961201667785645
      },
      "test": {
        "n": 600,
        "mae": 1.8593924045562744,
        "rmse": 4.918572425842285
      }
    }
  },
  "training_config": {
    "candidate_id": "D66_width128_lr8e-4_dropout0.05",
    "family": "enhanced",
    "max_epochs": 6000,
    "eval_every": 25,