{
  "metrics_path": "training_results/model_selection_loop/D66_width128_lr8e-4_dropout0.05_20260606_103252_utc/metrics_model_loop.json",
  "run_name": "D66_width128_lr8e-4_dropout0.05_20260606_103252_utc",
  "weighted_score": 3.9695181369781496,
  "rejected": false,
  "rejection_reasons": [],
  "components": {
    "hard_label_mae": 2.4404598474502563,
    "hard_label_rmse": 5.878058910369873,
    "hard_target_mae": 3.1033949851989746,
    "hard_target_rmse": 6.4448851346969604,
    "overall_mae": 1.0377572774887085,
    "overall_rmse": 2.5713164806365967,
    "easy_target_mae": 0.49184619076550007,
    "easy_target_mae_relative_change": -0.005271905220250084
  }
}
