{
  "batch_id": "v12_benchmark_v2_500k",
  "run_id": "v12_benchmark_v2_500k_20260615_005333_utc",
  "created_utc": "2026-06-15T01:41:10.050218+00:00",
  "status": "complete",
  "batch_config": "colab_worker_logs/model_selection_batch_v12_benchmark_v2_500k_runtime.json",
  "max_runtime_minutes": 300.0,
  "estimated_minutes_per_job": 100.0,
  "walltime_safety_margin_minutes": 20.0,
  "jobs": [
    {
      "job_id": "v12_benchmark_v2_500k_seed7",
      "candidate_id": "D66_grouped_width320_lr6e-4_dropout0.075_v12benchmarkv2_500k_seed7",
      "status": "complete",
      "returncode": 0,
      "elapsed_minutes": 47.616308284033344,
      "selection_score_path": "training_results/model_selection_loop/D66_grouped_width320_lr6e-4_dropout0.075_v12benchmarkv2_500k_seed7_20260615_005333_utc/selection_score.json",
      "weighted_score": 0.013415860509301932,
      "rejected": false,
      "true_hard_target_normalized_mae": 0.007171222195029259,
      "hard_label_normalized_mae": 0.005795112378131263,
      "hard_label_normalized_p95": 0.0195045535603237,
      "overall_normalized_mae": 0.005470273084938526,
      "overall_normalized_p95": 0.02326863817870617,
      "easy_target_normalized_mae_relative_change": -0.48750208228057584,
      "C1_mae": 0.6577532887458801,
      "C1_rmse": 1.2440104484558105,
      "C1_p95_abs_error": 2.5547494888305664,
      "C1_bias": 0.07548289746046066,
      "C1_normalized_mae": 0.006577532738447189,
      "C1_normalized_p95_abs_error": 0.025547495111823082,
      "validation_normalized_mae": 0.005470273084938526,
      "validation_C1_mae": 0.7481272220611572,
      "validation_C1_rmse": 1.5600303411483765,
      "validation_C1_p95_abs_error": 2.86484956741333,
      "validation_C1_bias": 0.1408887356519699,
      "validation_C1_normalized_mae": 0.007481272332370281,
      "validation_C1_normalized_p95_abs_error": 0.0286484956741333,
      "blind_normalized_mae": 0.006011495366692543,
      "blind_C1_mae": 0.7366096377372742,
      "blind_C1_rmse": 1.4210691452026367,
      "blind_C1_p95_abs_error": 2.961287498474121,
      "blind_C1_bias": 0.10553687810897827,
      "blind_C1_normalized_mae": 0.00736609660089016,
      "blind_C1_normalized_p95_abs_error": 0.02961287461221218,
      "stress_normalized_mae": 0.0062321266159415245,
      "stress_C1_mae": 0.7153172492980957,
      "stress_C1_rmse": 1.4522429704666138,
      "stress_C1_p95_abs_error": 2.820563316345215,
      "stress_C1_bias": 0.025852495804429054,
      "stress_C1_normalized_mae": 0.0071531725116074085,
      "stress_C1_normalized_p95_abs_error": 0.02820563316345215,
      "S3_high_magnitude_mae": 0.9485458135604858,
      "S3_high_magnitude_bias": -0.5804201364517212,
      "S3_high_magnitude_slope": 0.9695358934678342,
      "S3_high_mean_abs_angle_error_deg": 0.4193219542503357,
      "S3_high_p95_abs_angle_error_deg": 1.6831588745117188,
      "B2_magnitude_mae": 0.022491134703159332,
      "B2_mean_abs_angle_error_deg": 1.347599983215332,
      "A3_magnitude_mae": 0.5916517376899719,
      "A3_mean_abs_angle_error_deg": 1.1554579734802246
    }
  ],
  "artifact_policy": {
    "push_large_artifacts": false,
    "allowed_artifacts": [
      "run_manifest_model_loop.json",
      "metrics_model_loop.json",
      "selection_score.json",
      "per_target_diagnostics.json",
      "vector_diagnostics.json",
      "s3_magnitude_metric_audit_validation.csv",
      "model_registry_model_loop.csv",
      "training_history_summary.csv",
      "training_history_model_loop.png",
      "prediction_scatter_model_loop.png",
      "batch_manifest.json",
      "batch_summary.csv",
      "s3_magnitude_metric_audit_*.md",
      "training_validation_loss_gap_audit_*.md"
    ]
  }
}
