{
  "row_count": 100000,
  "sweep_label_counts": {
    "coupled_A1_A2_B2_random": 3000,
    "S3_high_random": 2500,
    "coupled_A3_S3_random": 9000,
    "coupled_full_random": 42000,
    "coupled_sparse_random": 14000,
    "coupled_B2_S3_random": 8000,
    "coupled_A1_B2_S3_random": 7000,
    "coupled_A1_S3_random": 6000,
    "coupled_C3_A3_S3_random": 6000,
    "coupled_C1_C3_random": 2500
  },
  "sampling_method_counts": {
    "latin_hypercube": 100000
  },
  "sampling_relative_angle_bin_counts": {
    "": 22000,
    "anti_aligned": 19500,
    "random": 19500,
    "orthogonal": 19500,
    "aligned": 19500
  },
  "amplitude_summary": {
    "A1": {
      "median": 14.708841059130766,
      "p90": 50.933807677967096,
      "nonzero_fraction": 0.62898
    },
    "B2": {
      "median": 0.8037820478955396,
      "p90": 2.560060848837466,
      "nonzero_fraction": 0.64864
    },
    "A2": {
      "median": 0.0,
      "p90": 12.956522201776732,
      "nonzero_fraction": 0.49901
    },
    "S3": {
      "median": 57.530849518576105,
      "p90": 91.50604068209512,
      "nonzero_fraction": 0.924
    },
    "A3": {
      "median": 23.322369103190546,
      "p90": 84.67680507615839,
      "nonzero_fraction": 0.61931
    }
  },
  "relative_angle_category_counts": {
    "A1_S3": {
      "oblique": 9010,
      "orthogonal": 18175,
      "anti_aligned": 15962,
      "aligned_or_anti_aligned": 16001
    },
    "B2_S3": {
      "oblique": 9171,
      "aligned_or_anti_aligned": 16538,
      "orthogonal": 18876,
      "anti_aligned": 16537
    },
    "A3_S3": {
      "anti_aligned": 16616,
      "oblique": 9364,
      "orthogonal": 18775,
      "aligned_or_anti_aligned": 16480
    }
  }
}
