{
  "active_run": "v13_active_12d_hole_search_expanded_cycle02_20260618_185259_utc",
  "n_v15": 5658,
  "n_v13_baseline": 5658,
  "n_matched_probe_ids": 5658,
  "v15": {
    "weighted_abs_error": {
      "n": 5658,
      "mae": 0.04282887673437379,
      "rmse": 0.05233039783554485,
      "median": 0.03287478908896446,
      "p95": 0.11496303603053093,
      "max": 0.2432471662759781
    },
    "overall_abs_error": {
      "n": 5658,
      "mae": 2.6921503503506323,
      "rmse": 3.398236748175747,
      "median": 1.9832798838615417,
      "p95": 7.697144627571098,
      "max": 15.420928001403809
    },
    "C1_abs_error": {
      "n": 5658,
      "mae": 3.02874160792643,
      "rmse": 4.181526054341382,
      "median": 2.212779998779297,
      "p95": 8.267976760864252,
      "max": 39.35630416870117
    },
    "C3_abs_error": {
      "n": 5658,
      "mae": 0.015953039455488614,
      "rmse": 0.021959832788896197,
      "median": 0.011654414236545563,
      "p95": 0.04487988948822021,
      "max": 0.1971193552017212
    },
    "A1_vector_error": {
      "n": 5658,
      "mae": 3.7581530040687694,
      "rmse": 5.093378676308475,
      "median": 2.690615177154541,
      "p95": 9.970135068893422,
      "max": 38.229034423828125
    },
    "B2_vector_error": {
      "n": 5658,
      "mae": 0.22405737101349923,
      "rmse": 0.27699230728048974,
      "median": 0.18423479795455933,
      "p95": 0.5316960632801053,
      "max": 1.332222580909729
    },
    "A2_vector_error": {
      "n": 5658,
      "mae": 0.3414797914204885,
      "rmse": 0.42225792316344773,
      "median": 0.2833624333143234,
      "p95": 0.8057814389467238,
      "max": 2.890511989593506
    },
    "S3_vector_error": {
      "n": 5658,
      "mae": 12.359117564280739,
      "rmse": 17.68404820989629,
      "median": 8.10479211807251,
      "p95": 44.140953063964844,
      "max": 106.34933471679688
    },
    "A3_vector_error": {
      "n": 5658,
      "mae": 6.131060696723511,
      "rmse": 8.024958024577536,
      "median": 4.705669403076172,
      "p95": 15.82963051795959,
      "max": 78.86285400390625
    }
  },
  "v13": {
    "weighted_abs_error": {
      "n": 5658,
      "mae": 0.04136145471181416,
      "rmse": 0.04861499330359217,
      "median": 0.03397234529256821,
      "p95": 0.0843140359967947,
      "max": 0.35496535897254944
    },
    "overall_abs_error": {
      "n": 5658,
      "mae": 2.602857148791632,
      "rmse": 3.1488649007218066,
      "median": 2.058108687400818,
      "p95": 5.596142601966857,
      "max": 24.880966186523438
    },
    "C1_abs_error": {
      "n": 5658,
      "mae": 3.104451775793138,
      "rmse": 4.224218977244199,
      "median": 2.3677926063537598,
      "p95": 8.244132995605465,
      "max": 52.00849151611328
    },
    "C3_abs_error": {
      "n": 5658,
      "mae": 0.01846058315641259,
      "rmse": 0.02566977190008779,
      "median": 0.012617722153663635,
      "p95": 0.05560822710394859,
      "max": 0.25077998638153076
    },
    "A1_vector_error": {
      "n": 5658,
      "mae": 3.5220595416843365,
      "rmse": 4.937217992874128,
      "median": 2.6471216678619385,
      "p95": 9.763483762741073,
      "max": 52.17303466796875
    },
    "B2_vector_error": {
      "n": 5658,
      "mae": 0.206653469756745,
      "rmse": 0.2547700243504865,
      "median": 0.1659941002726555,
      "p95": 0.5022187918424605,
      "max": 1.4865527153015137
    },
    "A2_vector_error": {
      "n": 5658,
      "mae": 0.35978682501028897,
      "rmse": 0.4478842890391751,
      "median": 0.28205282986164093,
      "p95": 0.8695666015148162,
      "max": 2.6527516841888428
    },
    "S3_vector_error": {
      "n": 5658,
      "mae": 12.020324862511092,
      "rmse": 15.76871484615076,
      "median": 8.39506483078003,
      "p95": 33.30039615631103,
      "max": 85.83173370361328
    },
    "A3_vector_error": {
      "n": 5658,
      "mae": 6.014137326746642,
      "rmse": 7.918897143792256,
      "median": 4.66681694984436,
      "p95": 14.603793668746947,
      "max": 85.56025695800781
    }
  },
  "delta_weighted_abs_error": {
    "mean": 0.001467422022559631,
    "median": 0.0010864818468689919,
    "worse_fraction": 0.543655001767409,
    "better_fraction": 0.456344998232591
  },
  "delta_overall_abs_error": {
    "mean": 0.08929320155900036,
    "median": 0.0702272355556488,
    "worse_fraction": 0.5402969247083775,
    "better_fraction": 0.45970307529162246
  },
  "delta_C1_abs_error": {
    "mean": -0.07571016786670719,
    "median": -0.050334930419921875,
    "worse_fraction": 0.48798161894662423,
    "better_fraction": 0.5120183810533757
  },
  "delta_C3_abs_error": {
    "mean": -0.002507543700923975,
    "median": -0.0015018582344055176,
    "worse_fraction": 0.45033580770590315,
    "better_fraction": 0.5496641922940969
  },
  "delta_A1_vector_error": {
    "mean": 0.23609346238443263,
    "median": 0.11967158317565918,
    "worse_fraction": 0.5335807705903146,
    "better_fraction": 0.4664192294096854
  },
  "delta_B2_vector_error": {
    "mean": 0.01740390125675421,
    "median": 0.006829522550106049,
    "worse_fraction": 0.5219158713326264,
    "better_fraction": 0.47808412866737365
  },
  "delta_A2_vector_error": {
    "mean": -0.018307033589800452,
    "median": -0.002879098057746887,
    "worse_fraction": 0.4954047366560622,
    "better_fraction": 0.5045952633439378
  },
  "delta_S3_vector_error": {
    "mean": 0.3387927017696452,
    "median": 0.1781015396118164,
    "worse_fraction": 0.5197949805585013,
    "better_fraction": 0.48020501944149874
  },
  "delta_A3_vector_error": {
    "mean": 0.11692336997686868,
    "median": 0.043843865394592285,
    "worse_fraction": 0.5074231177094379,
    "better_fraction": 0.492576882290562
  },
  "evaluation_summary": {
    "status": "complete",
    "n_probes": 5658,
    "nearest_neighbor_method": "sklearn",
    "weighted_error": {
      "median": 0.03287478908896446,
      "p90": 0.08581998944282532,
      "p95": 0.11496303230524063,
      "max": 0.2432471662759781
    },
    "nn_distance_12d": {
      "median": 0.8475074768066406,
      "p75": 0.957522988319397,
      "p95": 1.1016898155212402,
      "max": 1.2552595138549805
    },
    "correlation_weighted_error_vs_nn_distance": 0.3742824160759379,
    "spearman_weighted_error_vs_nn_distance": 0.43419916114000245,
    "failure_threshold_weighted_error": 0.08581998944282532,
    "sparse_threshold_nn_distance": 0.957522988319397,
    "dense_threshold_nn_distance": 0.8475074768066406,
    "failure_class_counts": {
      "not_top_failure": 5092,
      "mixed_failure": 172,
      "coverage_limited_sparse_failure": 335,
      "dense_model_feature_loss_failure": 59
    },
    "top_failure_median_nn_distance": 1.0286868810653687,
    "all_probe_median_nn_distance": 0.8475074768066406,
    "top_failure_table": "training_results/model_selection_reports/v15_active_hole_retest_20260620_082522_utc/v13_active_12d_hole_search_expanded_cycle02_20260618_185259_utc/active_hole_search_top_failures.csv",
    "nn_error_table": "training_results/model_selection_reports/v15_active_hole_retest_20260620_082522_utc/v13_active_12d_hole_search_expanded_cycle02_20260618_185259_utc/active_hole_nn_error_summary.csv",
    "regime_summary": "training_results/model_selection_reports/v15_active_hole_retest_20260620_082522_utc/v13_active_12d_hole_search_expanded_cycle02_20260618_185259_utc/active_hole_regime_summary.csv",
    "relative_angle_summary": "training_results/model_selection_reports/v15_active_hole_retest_20260620_082522_utc/v13_active_12d_hole_search_expanded_cycle02_20260618_185259_utc/active_hole_relative_angle_summary.csv",
    "hole_clusters": [
      {
        "cluster_id": 0,
        "method": "sklearn_kmeans",
        "n": 35,
        "median_weighted_error": 0.10930661857128143,
        "median_nn_distance_12d": 0.7821198105812073,
        "dominant_regime": "coupled_full_random",