{
  "active_run": "v13_active_12d_hole_search_expanded_cycle04_20260618_191721_utc",
  "n_v15": 6500,
  "n_v13_baseline": 6500,
  "n_matched_probe_ids": 6500,
  "v15": {
    "weighted_abs_error": {
      "n": 6500,
      "mae": 0.0351775916805849,
      "rmse": 0.03995130505500183,
      "median": 0.031817853450775146,
      "p95": 0.07048701532185077,
      "max": 0.30751970410346985
    },
    "overall_abs_error": {
      "n": 6500,
      "mae": 2.161570360612411,
      "rmse": 2.523255243754074,
      "median": 1.9051855206489563,
      "p95": 4.6078938484191845,
      "max": 20.889772415161133
    },
    "C1_abs_error": {
      "n": 6500,
      "mae": 3.009067860685862,
      "rmse": 4.070951738759141,
      "median": 2.212360382080078,
      "p95": 8.607795715332031,
      "max": 31.174278259277344
    },
    "C3_abs_error": {
      "n": 6500,
      "mae": 0.01294739217712329,
      "rmse": 0.01735226345813703,
      "median": 0.010299474000930786,
      "p95": 0.03463031053543086,
      "max": 0.14562880992889404
    },
    "A1_vector_error": {
      "n": 6500,
      "mae": 3.368447833144321,
      "rmse": 4.358847443904304,
      "median": 2.73530650138855,
      "p95": 8.607912921905507,
      "max": 44.15392303466797
    },
    "B2_vector_error": {
      "n": 6500,
      "mae": 0.2131776478741891,
      "rmse": 0.25378575590063807,
      "median": 0.1881285160779953,
      "p95": 0.4619594424962997,
      "max": 1.26260507106781
    },
    "A2_vector_error": {
      "n": 6500,
      "mae": 0.2610835109357543,
      "rmse": 0.32376374671730535,
      "median": 0.21000020951032639,
      "p95": 0.6293076246976851,
      "max": 1.7862459421157837
    },
    "S3_vector_error": {
      "n": 6500,
      "mae": 9.47609738748234,
      "rmse": 11.999528268906662,
      "median": 7.828340768814087,
      "p95": 23.53430318832394,
      "max": 98.80304718017578
    },
    "A3_vector_error": {
      "n": 6500,
      "mae": 4.713002459154106,
      "rmse": 5.989003242100021,
      "median": 3.7388858795166016,
      "p95": 11.508703613281247,
      "max": 46.36680221557617
    }
  },
  "v13": {
    "weighted_abs_error": {
      "n": 6500,
      "mae": 0.03446521661358957,
      "rmse": 0.03975382404950471,
      "median": 0.030297198332846165,
      "p95": 0.07102080993354316,
      "max": 0.3704718351364136
    },
    "overall_abs_error": {
      "n": 6500,
      "mae": 2.138621940264335,
      "rmse": 2.545652182072169,
      "median": 1.8151285648345947,
      "p95": 4.726821517944332,
      "max": 24.017913818359375
    },
    "C1_abs_error": {
      "n": 6500,
      "mae": 3.088805620101782,
      "rmse": 4.422227368187157,
      "median": 2.0985260009765625,
      "p95": 9.933319664001464,
      "max": 23.167797088623047
    },
    "C3_abs_error": {
      "n": 6500,
      "mae": 0.013514325121847482,
      "rmse": 0.018276123165694137,
      "median": 0.010287001729011536,
      "p95": 0.038200583681464124,
      "max": 0.12820136547088623
    },
    "A1_vector_error": {
      "n": 6500,
      "mae": 3.3367818477755558,
      "rmse": 4.391696618049798,
      "median": 2.6425880193710327,
      "p95": 8.43900589942932,
      "max": 57.21668243408203
    },
    "B2_vector_error": {
      "n": 6500,
      "mae": 0.19663668245256233,
      "rmse": 0.23519374763993312,
      "median": 0.17565520852804184,
      "p95": 0.44408214241266236,
      "max": 1.3279920816421509
    },
    "A2_vector_error": {
      "n": 6500,
      "mae": 0.25583977079056563,
      "rmse": 0.3129964737907843,
      "median": 0.21273165941238403,
      "p95": 0.612141951918602,
      "max": 1.405075192451477
    },
    "S3_vector_error": {
      "n": 6500,
      "mae": 9.237919401669158,
      "rmse": 11.847071897115667,
      "median": 7.393271446228027,
      "p95": 23.221160793304435,
      "max": 91.36537170410156
    },
    "A3_vector_error": {
      "n": 6500,
      "mae": 4.673761432773219,
      "rmse": 6.103156281929151,
      "median": 3.78354549407959,
      "p95": 11.385712051391597,
      "max": 75.99991607666016
    }
  },
  "delta_weighted_abs_error": {
    "mean": 0.0007123750669953342,
    "median": 0.0007665874436497688,
    "worse_fraction": 0.5432307692307692,
    "better_fraction": 0.45676923076923076
  },
  "delta_overall_abs_error": {
    "mean": 0.02294842034807572,
    "median": 0.018738746643066406,
    "worse_fraction": 0.5172307692307693,
    "better_fraction": 0.4827692307692308
  },
  "delta_C1_abs_error": {
    "mean": -0.07973775941591997,
    "median": 0.011671066284179688,
    "worse_fraction": 0.5036923076923077,
    "better_fraction": 0.4963076923076923
  },
  "delta_C3_abs_error": {
    "mean": -0.000566932944724193,
    "median": -5.418062210083008e-05,
    "worse_fraction": 0.49738461538461537,
    "better_fraction": 0.5026153846153846
  },
  "delta_A1_vector_error": {
    "mean": 0.03166598536876532,
    "median": 0.016653716564178467,
    "worse_fraction": 0.5070769230769231,
    "better_fraction": 0.4929230769230769
  },
  "delta_B2_vector_error": {
    "mean": 0.016540965421626773,
    "median": 0.015655898489058018,
    "worse_fraction": 0.5732307692307692,
    "better_fraction": 0.4267692307692308
  },
  "delta_A2_vector_error": {
    "mean": 0.005243740145188685,
    "median": 0.003871787339448929,
    "worse_fraction": 0.5106153846153846,
    "better_fraction": 0.48938461538461536
  },
  "delta_S3_vector_error": {
    "mean": 0.23817798581318214,
    "median": 0.2380237579345703,
    "worse_fraction": 0.5315384615384615,
    "better_fraction": 0.4684615384615385
  },
  "delta_A3_vector_error": {
    "mean": 0.039241026380887396,
    "median": 0.05798137187957764,
    "worse_fraction": 0.5109230769230769,
    "better_fraction": 0.4890769230769231
  },
  "evaluation_summary": {
    "status": "complete",
    "n_probes": 6500,
    "nearest_neighbor_method": "sklearn",
    "weighted_error": {
      "median": 0.031817853450775146,
      "p90": 0.057826995849609375,
      "p95": 0.07048701494932175,
      "max": 0.30751970410346985
    },
    "nn_distance_12d": {
      "median": 0.8295161128044128,
      "p75": 0.9172481298446655,
      "p95": 1.0242226123809814,
      "max": 1.2025045156478882
    },
    "correlation_weighted_error_vs_nn_distance": 0.31947490919061755,
    "spearman_weighted_error_vs_nn_distance": 0.320311598437251,
    "failure_threshold_weighted_error": 0.057826995849609375,
    "sparse_threshold_nn_distance": 0.9172481298446655,
    "dense_threshold_nn_distance": 0.8295161128044128,
    "failure_class_counts": {
      "not_top_failure": 5850,
      "mixed_failure": 188,
      "dense_model_feature_loss_failure": 178,
      "coverage_limited_sparse_failure": 284
    },
    "top_failure_median_nn_distance": 0.8972996175289154,
    "all_probe_median_nn_distance": 0.8295161128044128,
    "top_failure_table": "training_results/model_selection_reports/v15_active_hole_retest_20260620_082522_utc/v13_active_12d_hole_search_expanded_cycle04_20260618_191721_utc/active_hole_search_top_failures.csv",
    "nn_error_table": "training_results/model_selection_reports/v15_active_hole_retest_20260620_082522_utc/v13_active_12d_hole_search_expanded_cycle04_20260618_191721_utc/active_hole_nn_error_summary.csv",
    "regime_summary": "training_results/model_selection_reports/v15_active_hole_retest_20260620_082522_utc/v13_active_12d_hole_search_expanded_cycle04_20260618_191721_utc/active_hole_regime_summary.csv",
    "relative_angle_summary": "training_results/model_selection_reports/v15_active_hole_retest_20260620_082522_utc/v13_active_12d_hole_search_expanded_cycle04_20260618_191721_utc/active_hole_relative_angle_summary.csv",
    "hole_clusters": [
      {
        "cluster_id": 0,
        "method": "sklearn_kmeans",
        "n": 122,
        "median_weighted_error": 0.07292911782860756,
        "median_nn_distance_12d": 0.8879022598266602,
        "dominant_regime": "coupled_full_random",